content_id,url,title,content_type,current_category,proposed_domain,target_agency,jurisdiction,authority_status,audit_status,risk_level,verified_at,official_source_link_count,inbound_links,text_len,reason,recommended_action,priority
audit-cases:accommodation-allowance-false-claim,/audit-cases/accommodation-allowance-false-claim,출장 숙박하지 않았음에도 숙박비 허위 영수증으로 청구 — 감사 지적 사례와 실무 대응 방법,audit-cases,,03_보수수당,UNSPECIFIED,UNSPECIFIED,UNVERIFIED,UPDATE,HIGH,2026-05-19,0,44,3650,R-AC1 검토출처에 내부 엔지니어링 메타데이터(커밋/배치/lawId) 노출,출처 필드를 사례 출처로 교체하고 검증방법은 별도 필드로 분리,P0
audit-cases:accounting-data-falsification,/audit-cases/accounting-data-falsification,회계 장부 허위 기재로 현금 부족분 은닉 — 감사 지적 사례와 실무 대응 방법,audit-cases,,04_예산회계,UNSPECIFIED,LOCAL,UNVERIFIED,UPDATE,HIGH,2026-05-19,0,1,2076,R-AC1 검토출처에 내부 엔지니어링 메타데이터(커밋/배치/lawId) 노출,출처 필드를 사례 출처로 교체하고 검증방법은 별도 필드로 분리,P0
audit-cases:accounting-evidence-missing,/audit-cases/accounting-evidence-missing,증빙서류 미비로 회계처리 부적정 — 감사 지적 사례와 실무 대응 방법,audit-cases,,04_예산회계,UNSPECIFIED,LOCAL,UNVERIFIED,UPDATE,HIGH,2026-05-19,0,2,3951,R-AC1 검토출처에 내부 엔지니어링 메타데이터(커밋/배치/lawId) 노출,출처 필드를 사례 출처로 교체하고 검증방법은 별도 필드로 분리,P0
audit-cases:accounting-officer-dual-role-fraud,/audit-cases/accounting-officer-dual-role-fraud,재무관·출납원 겸직으로 내부통제 취약 — 공금 유용 발생 — 감사 지적 사례와 실무 대응 방법,audit-cases,,04_예산회계,UNSPECIFIED,LOCAL,UNVERIFIED,UPDATE,HIGH,2026-05-19,0,2,2174,R-AC1 검토출처에 내부 엔지니어링 메타데이터(커밋/배치/lawId) 노출,출처 필드를 사례 출처로 교체하고 검증방법은 별도 필드로 분리,P0
audit-cases:additional-contract-limit-001,/audit-cases/additional-contract-limit-001,추가계약으로 원계약금액 10% 초과 — 지방계약법 시행령 제74조 위반 — 감사 지적 사례와 실무 대응 방법,audit-cases,,05_계약조달,UNSPECIFIED,LOCAL,SILMU_RECONSTRUCTED_CASE,UPDATE,MEDIUM,2026-06-18,0,1,2693,R-AC2 재구성 사례인데 '5단계 정합성 검증 완료' 배지가 사례 검증으로 오독됨,"provenance=SILMU_RECONSTRUCTED_CASE 라벨을 제목/상단에 명시, 배지 문구를 '법령근거 검증'으로 한정",P0
audit-cases:annual-leave-compensation-double-payment,/audit-cases/annual-leave-compensation-double-payment,연가 사용일에 연가보상비 이중지급 — 복무규정 위반 — 감사 지적 사례와 실무 대응 방법,audit-cases,,02_복무,UNSPECIFIED,NATIONAL,SILMU_RECONSTRUCTED_CASE,UPDATE,MEDIUM,2026-06-29,0,2,2909,R-AC2 재구성 사례인데 '5단계 정합성 검증 완료' 배지가 사례 검증으로 오독됨,"provenance=SILMU_RECONSTRUCTED_CASE 라벨을 제목/상단에 명시, 배지 문구를 '법령근거 검증'으로 한정",P0
audit-cases:bid-bond-not-submitted,/audit-cases/bid-bond-not-submitted,입찰보증금 미납부 입찰 허용 — 감사 지적 사례와 실무 대응 방법,audit-cases,,05_계약조달,UNSPECIFIED,LOCAL,SILMU_RECONSTRUCTED_CASE,UPDATE,MEDIUM,2026-06-09,0,24,2398,R-AC2 재구성 사례인데 '5단계 정합성 검증 완료' 배지가 사례 검증으로 오독됨,"provenance=SILMU_RECONSTRUCTED_CASE 라벨을 제목/상단에 명시, 배지 문구를 '법령근거 검증'으로 한정",P0
audit-cases:bid-deposit-001,/audit-cases/bid-deposit-001,입찰보증금 미납 업체 낙찰 처리 — 지방계약법 시행령 제37조 위반 — 감사 지적 사례와 실무 대응 방법,audit-cases,,05_계약조달,UNSPECIFIED,LOCAL,SILMU_RECONSTRUCTED_CASE,UPDATE,MEDIUM,2026-06-18,0,1,2470,R-AC2 재구성 사례인데 '5단계 정합성 검증 완료' 배지가 사례 검증으로 오독됨,"provenance=SILMU_RECONSTRUCTED_CASE 라벨을 제목/상단에 명시, 배지 문구를 '법령근거 검증'으로 한정",P0
audit-cases:bid-evaluation-criteria-missing,/audit-cases/bid-evaluation-criteria-missing,적격심사 세부기준 미수립 — 감사 지적 사례와 실무 대응 방법,audit-cases,,05_계약조달,UNSPECIFIED,LOCAL,SILMU_RECONSTRUCTED_CASE,UPDATE,MEDIUM,2026-06-09,0,1,2381,R-AC2 재구성 사례인데 '5단계 정합성 검증 완료' 배지가 사례 검증으로 오독됨,"provenance=SILMU_RECONSTRUCTED_CASE 라벨을 제목/상단에 명시, 배지 문구를 '법령근거 검증'으로 한정",P0
audit-cases:bid-failure-negotiation-001,/audit-cases/bid-failure-negotiation-001,유찰 후 수의계약 시 2인 이상 견적 미징구 — 지방계약법 시행령 제25조 위반 — 감사 지적 사례와 실무 대응,audit-cases,,05_계약조달,UNSPECIFIED,LOCAL,SILMU_RECONSTRUCTED_CASE,UPDATE,MEDIUM,2026-06-18,0,1,2436,R-AC2 재구성 사례인데 '5단계 정합성 검증 완료' 배지가 사례 검증으로 오독됨,"provenance=SILMU_RECONSTRUCTED_CASE 라벨을 제목/상단에 명시, 배지 문구를 '법령근거 검증'으로 한정",P0
audit-cases:bid-period-insufficient,/audit-cases/bid-period-insufficient,공고기간 부족 입찰 — 감사 지적 사례와 실무 대응 방법,audit-cases,,05_계약조달,UNSPECIFIED,LOCAL,SILMU_RECONSTRUCTED_CASE,UPDATE,MEDIUM,2026-06-09,0,1,2483,R-AC2 재구성 사례인데 '5단계 정합성 검증 완료' 배지가 사례 검증으로 오독됨,"provenance=SILMU_RECONSTRUCTED_CASE 라벨을 제목/상단에 명시, 배지 문구를 '법령근거 검증'으로 한정",P0
audit-cases:bid-qualification-001,/audit-cases/bid-qualification-001,적격심사 점수 오산정으로 낙찰 오류 — 지방계약법 시행령 제42조 위반 — 감사 지적 사례와 실무 대응 방법,audit-cases,,05_계약조달,UNSPECIFIED,LOCAL,SILMU_RECONSTRUCTED_CASE,UPDATE,MEDIUM,2026-06-18,0,24,2494,R-AC2 재구성 사례인데 '5단계 정합성 검증 완료' 배지가 사례 검증으로 오독됨,"provenance=SILMU_RECONSTRUCTED_CASE 라벨을 제목/상단에 명시, 배지 문구를 '법령근거 검증'으로 한정",P0
audit-cases:bid-qualification-excessive,/audit-cases/bid-qualification-excessive,과도한 입찰 참가자격 제한 — 감사 지적 사례와 실무 대응 방법,audit-cases,,05_계약조달,UNSPECIFIED,LOCAL,SILMU_RECONSTRUCTED_CASE,UPDATE,MEDIUM,2026-06-09,0,1,2593,R-AC2 재구성 사례인데 '5단계 정합성 검증 완료' 배지가 사례 검증으로 오독됨,"provenance=SILMU_RECONSTRUCTED_CASE 라벨을 제목/상단에 명시, 배지 문구를 '법령근거 검증'으로 한정",P0
audit-cases:bid-qualification-review-omitted,/audit-cases/bid-qualification-review-omitted,입찰참가자격 사전심사 누락 — 감사 지적 사례와 실무 대응 방법,audit-cases,,05_계약조달,UNSPECIFIED,LOCAL,SILMU_RECONSTRUCTED_CASE,UPDATE,MEDIUM,2026-06-09,0,1,2463,R-AC2 재구성 사례인데 '5단계 정합성 검증 완료' 배지가 사례 검증으로 오독됨,"provenance=SILMU_RECONSTRUCTED_CASE 라벨을 제목/상단에 명시, 배지 문구를 '법령근거 검증'으로 한정",P0
audit-cases:bid-rebid-condition-change,/audit-cases/bid-rebid-condition-change,재공고 입찰 시 조건 임의 변경 — 감사 지적 사례와 실무 대응 방법,audit-cases,,05_계약조달,LOCAL_GOVERNMENT,LOCAL,SILMU_RECONSTRUCTED_CASE,UPDATE,MEDIUM,2026-06-29,0,5,2572,R-AC2 재구성 사례인데 '5단계 정합성 검증 완료' 배지가 사례 검증으로 오독됨,"provenance=SILMU_RECONSTRUCTED_CASE 라벨을 제목/상단에 명시, 배지 문구를 '법령근거 검증'으로 한정",P0
audit-cases:bid-two-envelope-violation,/audit-cases/bid-two-envelope-violation,2단계 입찰 절차 위반 — 감사 지적 사례와 실무 대응 방법,audit-cases,,05_계약조달,UNSPECIFIED,LOCAL,SILMU_RECONSTRUCTED_CASE,UPDATE,MEDIUM,2026-06-29,0,1,2495,R-AC2 재구성 사례인데 '5단계 정합성 검증 완료' 배지가 사례 검증으로 오독됨,"provenance=SILMU_RECONSTRUCTED_CASE 라벨을 제목/상단에 명시, 배지 문구를 '법령근거 검증'으로 한정",P0
audit-cases:bid-unfair-spec,/audit-cases/bid-unfair-spec,특정 업체 유리한 입찰 규격 설정 — 감사 지적 사례와 실무 대응 방법,audit-cases,,05_계약조달,UNSPECIFIED,LOCAL,SILMU_RECONSTRUCTED_CASE,UPDATE,MEDIUM,2026-06-29,0,0,2679,R-AC2 재구성 사례인데 '5단계 정합성 검증 완료' 배지가 사례 검증으로 오독됨 ; R-S1 내부링크 인바운드 0 (고아 페이지),"provenance=SILMU_RECONSTRUCTED_CASE 라벨을 제목/상단에 명시, 배지 문구를 '법령근거 검증'으로 한정 ; 허브(토픽/카테고리)에서 링크 연결",P0
audit-cases:budget-appropriation-mistake,/audit-cases/budget-appropriation-mistake,예산과목 착오로 특별회계 예산을 일반회계 사업에 집행 — 감사 지적 사례와 실무 대응 방법,audit-cases,,04_예산회계,UNSPECIFIED,LOCAL,UNVERIFIED,UPDATE,HIGH,2026-05-19,0,7,1996,R-AC1 검토출처에 내부 엔지니어링 메타데이터(커밋/배치/lawId) 노출,출처 필드를 사례 출처로 교체하고 검증방법은 별도 필드로 분리,P0
audit-cases:budget-carryover-violation,/audit-cases/budget-carryover-violation,사고이월 요건 미충족으로 예산 반납 처리 — 감사 지적 사례와 실무 대응 방법,audit-cases,,04_예산회계,UNSPECIFIED,LOCAL,UNVERIFIED,UPDATE,HIGH,2026-05-19,0,1,4167,R-AC1 검토출처에 내부 엔지니어링 메타데이터(커밋/배치/lawId) 노출,출처 필드를 사례 출처로 교체하고 검증방법은 별도 필드로 분리,P0
audit-cases:budget-document-error,/audit-cases/budget-document-error,예산서 작성 오류로 인한 예산안 심의 지연 — 감사 지적 사례와 실무 대응 방법,audit-cases,,04_예산회계,UNSPECIFIED,LOCAL,UNVERIFIED,UPDATE,HIGH,2026-05-19,0,1,4145,R-AC1 검토출처에 내부 엔지니어링 메타데이터(커밋/배치/lawId) 노출,출처 필드를 사례 출처로 교체하고 검증방법은 별도 필드로 분리,P0
audit-cases:budget-execution-before-approval,/audit-cases/budget-execution-before-approval,지출원인행위 없이 선집행 후 사후 품의 처리 — 감사 지적 사례와 실무 대응 방법,audit-cases,,04_예산회계,UNSPECIFIED,LOCAL,UNVERIFIED,UPDATE,HIGH,2026-05-19,0,1,2168,R-AC1 검토출처에 내부 엔지니어링 메타데이터(커밋/배치/lawId) 노출,출처 필드를 사례 출처로 교체하고 검증방법은 별도 필드로 분리,P0
audit-cases:budget-execution-no-receipt,/audit-cases/budget-execution-no-receipt,증빙서류 없는 지출결의 — 세금계산서 미수취 집행 — 감사 지적 사례와 실무 대응 방법,audit-cases,,04_예산회계,UNSPECIFIED,LOCAL,UNVERIFIED,UPDATE,HIGH,2026-05-19,0,1,2163,R-AC1 검토출처에 내부 엔지니어링 메타데이터(커밋/배치/lawId) 노출,출처 필드를 사례 출처로 교체하고 검증방법은 별도 필드로 분리,P0
audit-cases:budget-execution-wrong-account,/audit-cases/budget-execution-wrong-account,예산 과목 착오로 다른 부서 예산 집행 — 타 부서 예산 오사용 — 감사 지적 사례와 실무 대응 방법,audit-cases,,04_예산회계,UNSPECIFIED,LOCAL,UNVERIFIED,UPDATE,HIGH,2026-05-19,0,1,2129,R-AC1 검토출처에 내부 엔지니어링 메타데이터(커밋/배치/lawId) 노출,출처 필드를 사례 출처로 교체하고 검증방법은 별도 필드로 분리,P0
audit-cases:budget-item-wrong-category,/audit-cases/budget-item-wrong-category,예산 목 오류 집행 — 비품을 소모품 목으로 지속 처리 — 감사 지적 사례와 실무 대응 방법,audit-cases,,04_예산회계,EDUCATION_OFFICE|PUBLIC_SCHOOL,LOCAL,UNVERIFIED,UPDATE,HIGH,2026-05-19,0,1,2264,R-AC1 검토출처에 내부 엔지니어링 메타데이터(커밋/배치/lawId) 노출,출처 필드를 사례 출처로 교체하고 검증방법은 별도 필드로 분리,P0
audit-cases:budget-item-wrong-travel,/audit-cases/budget-item-wrong-travel,출장비를 업무추진비로 집행 — 여비 목 혼용 오류 — 감사 지적 사례와 실무 대응 방법,audit-cases,,02_복무,LOCAL_GOVERNMENT,UNSPECIFIED,UNVERIFIED,UPDATE,HIGH,2026-05-19,0,1,1922,"R-AC3 실제 감사보고서 출처이나 원문 URL·페이지·처분 미기재, 내부 backlog 문구 공개 노출 ; R-AC4 출처(교육청 감사보고서)와 본문 문맥(지자체 본청) 불일치 ; R-G1 금액이 있으나 조문 근거 표기 없음(fake precision)",original_document_url·page·disposition 채우고 backlog 문구 제거 ; 출처 재확인 후 정정하거나 재구성 사례로 재분류 ; 금액마다 근거 조문·기준일 병기,P0
audit-cases:budget-lapse-improper-carryover,/audit-cases/budget-lapse-improper-carryover,요건 미충족 사고이월 처리로 예산 2년째 집행 지연 — 감사 지적 사례와 실무 대응 방법,audit-cases,,04_예산회계,UNSPECIFIED,LOCAL,UNVERIFIED,UPDATE,HIGH,2026-05-19,0,1,2087,R-AC1 검토출처에 내부 엔지니어링 메타데이터(커밋/배치/lawId) 노출,출처 필드를 사례 출처로 교체하고 검증방법은 별도 필드로 분리,P0
audit-cases:budget-misuse,/audit-cases/budget-misuse,예산 목적 외 사용으로 인한 부적정 집행 — 감사 지적 사례와 실무 대응 방법,audit-cases,,04_예산회계,LOCAL_GOVERNMENT,LOCAL,UNVERIFIED,UPDATE,HIGH,2026-05-19,0,1,3911,R-AC1 검토출처에 내부 엔지니어링 메타데이터(커밋/배치/lawId) 노출,출처 필드를 사례 출처로 교체하고 검증방법은 별도 필드로 분리,P0
audit-cases:budget-overrun,/audit-cases/budget-overrun,예산 한도 초과 집행으로 인한 재정규율 위반 — 감사 지적 사례와 실무 대응 방법,audit-cases,,04_예산회계,UNSPECIFIED,LOCAL,UNVERIFIED,UPDATE,HIGH,2026-05-19,0,1,3852,R-AC1 검토출처에 내부 엔지니어링 메타데이터(커밋/배치/lawId) 노출,출처 필드를 사례 출처로 교체하고 검증방법은 별도 필드로 분리,P0
audit-cases:budget-timing-violation,/audit-cases/budget-timing-violation,예산편성 시기 위반으로 인한 예산 집행 지연 — 감사 지적 사례와 실무 대응 방법,audit-cases,,04_예산회계,LOCAL_GOVERNMENT,LOCAL,UNVERIFIED,UPDATE,HIGH,2026-05-19,0,1,4083,R-AC1 검토출처에 내부 엔지니어링 메타데이터(커밋/배치/lawId) 노출,출처 필드를 사례 출처로 교체하고 검증방법은 별도 필드로 분리,P0
audit-cases:budget-transfer-limit-violation,/audit-cases/budget-transfer-limit-violation,예산 전용 한도 초과로 의회 승인 절차 누락 — 감사 지적 사례와 실무 대응 방법,audit-cases,,04_예산회계,LOCAL_GOVERNMENT,LOCAL,UNVERIFIED,UPDATE,HIGH,2026-05-19,0,1,4268,R-AC1 검토출처에 내부 엔지니어링 메타데이터(커밋/배치/lawId) 노출,출처 필드를 사례 출처로 교체하고 검증방법은 별도 필드로 분리,P0
audit-cases:budget-transfer-without-council-approval,/audit-cases/budget-transfer-without-council-approval,지방의회 의결 없이 항 간 이용 처리 — 재정규율 위반 — 감사 지적 사례와 실무 대응 방법,audit-cases,,04_예산회계,UNSPECIFIED,LOCAL,UNVERIFIED,UPDATE,HIGH,2026-05-19,0,2,2169,R-AC1 검토출처에 내부 엔지니어링 메타데이터(커밋/배치/lawId) 노출,출처 필드를 사례 출처로 교체하고 검증방법은 별도 필드로 분리,P0
audit-cases:budget-unauthorized-transfer,/audit-cases/budget-unauthorized-transfer,예산 목적 외 사용 (의회 의결 없는 이용) — 감사 지적 사례와 실무 대응 방법,audit-cases,,04_예산회계,UNSPECIFIED,LOCAL,SILMU_RECONSTRUCTED_CASE,UPDATE,MEDIUM,2026-06-29,0,0,2520,R-AC2 재구성 사례인데 '5단계 정합성 검증 완료' 배지가 사례 검증으로 오독됨 ; R-S1 내부링크 인바운드 0 (고아 페이지),"provenance=SILMU_RECONSTRUCTED_CASE 라벨을 제목/상단에 명시, 배지 문구를 '법령근거 검증'으로 한정 ; 허브(토픽/카테고리)에서 링크 연결",P0
audit-cases:business-expense-personal-use,/audit-cases/business-expense-personal-use,업무추진비로 개인 식사·경조사 비용 처리 — 공금 사적 유용 — 감사 지적 사례와 실무 대응 방법,audit-cases,,04_예산회계,UNSPECIFIED,LOCAL,UNVERIFIED,UPDATE,HIGH,2026-05-19,0,1,2205,R-AC1 검토출처에 내부 엔지니어링 메타데이터(커밋/배치/lawId) 노출,출처 필드를 사례 출처로 교체하고 검증방법은 별도 필드로 분리,P0
audit-cases:cash-management-failure,/audit-cases/cash-management-failure,현금 출납 관리 부실로 현금 부족 발생 — 감사 지적 사례와 실무 대응 방법,audit-cases,,04_예산회계,UNSPECIFIED,LOCAL,UNVERIFIED,UPDATE,HIGH,2026-05-19,0,1,4050,R-AC1 검토출처에 내부 엔지니어링 메타데이터(커밋/배치/lawId) 노출,출처 필드를 사례 출처로 교체하고 검증방법은 별도 필드로 분리,P0
audit-cases:completion-inspection-violation,/audit-cases/completion-inspection-violation,준공검사 법정기한 위반으로 검사 부적정 — 감사 지적 사례와 실무 대응 방법,audit-cases,,05_계약조달,UNSPECIFIED,LOCAL,SILMU_RECONSTRUCTED_CASE,UPDATE,MEDIUM,2026-06-18,0,1,3747,R-AC2 재구성 사례인데 '5단계 정합성 검증 완료' 배지가 사례 검증으로 오독됨,"provenance=SILMU_RECONSTRUCTED_CASE 라벨을 제목/상단에 명시, 배지 문구를 '법령근거 검증'으로 한정",P0
audit-cases:completion-payment-checklist-001,/audit-cases/completion-payment-checklist-001,준공서류 미완비 상태에서 준공금 지급 — 지방계약법 시행령 제64조 위반 — 감사 지적 사례와 실무 대응 방법,audit-cases,,03_보수수당,UNSPECIFIED,LOCAL,SILMU_RECONSTRUCTED_CASE,UPDATE,MEDIUM,2026-06-18,0,11,2606,R-AC2 재구성 사례인데 '5단계 정합성 검증 완료' 배지가 사례 검증으로 오독됨,"provenance=SILMU_RECONSTRUCTED_CASE 라벨을 제목/상단에 명시, 배지 문구를 '법령근거 검증'으로 한정",P0
audit-cases:contingency-fund-misuse,/audit-cases/contingency-fund-misuse,예측 가능한 지출에 예비비 사용 — 요건 미충족 — 감사 지적 사례와 실무 대응 방법,audit-cases,,04_예산회계,UNSPECIFIED,LOCAL,UNVERIFIED,UPDATE,HIGH,2026-05-19,0,1,2102,R-AC1 검토출처에 내부 엔지니어링 메타데이터(커밋/배치/lawId) 노출,출처 필드를 사례 출처로 교체하고 검증방법은 별도 필드로 분리,P0
audit-cases:contingency-fund-purpose-misuse,/audit-cases/contingency-fund-purpose-misuse,목적예비비를 재해 이외 목적에 사용 — 예비비 목적 위반 — 감사 지적 사례와 실무 대응 방법,audit-cases,,04_예산회계,UNSPECIFIED,LOCAL,UNVERIFIED,UPDATE,HIGH,2026-05-19,0,1,1884,R-AC1 검토출처에 내부 엔지니어링 메타데이터(커밋/배치/lawId) 노출,출처 필드를 사례 출처로 교체하고 검증방법은 별도 필드로 분리,P0
audit-cases:contract-amount-adjustment-001,/audit-cases/contract-amount-adjustment-001,물가변동 요건 미충족 시 계약금액 증액 — 지방계약법 시행령 제73조 위반 — 감사 지적 사례와 실무 대응 방법,audit-cases,,05_계약조달,UNSPECIFIED,LOCAL,SILMU_RECONSTRUCTED_CASE,UPDATE,MEDIUM,2026-06-18,0,19,2331,R-AC2 재구성 사례인데 '5단계 정합성 검증 완료' 배지가 사례 검증으로 오독됨,"provenance=SILMU_RECONSTRUCTED_CASE 라벨을 제목/상단에 명시, 배지 문구를 '법령근거 검증'으로 한정",P0
audit-cases:contract-guarantee-exemption-wrong,/audit-cases/contract-guarantee-exemption-wrong,계약보증금 면제 요건 미충족 — 감사 지적 사례와 실무 대응 방법,audit-cases,,05_계약조달,UNSPECIFIED,LOCAL,SILMU_RECONSTRUCTED_CASE,UPDATE,MEDIUM,2026-06-09,0,21,2630,R-AC2 재구성 사례인데 '5단계 정합성 검증 완료' 배지가 사례 검증으로 오독됨,"provenance=SILMU_RECONSTRUCTED_CASE 라벨을 제목/상단에 명시, 배지 문구를 '법령근거 검증'으로 한정",P0
audit-cases:contract-guarantee-not-collected,/audit-cases/contract-guarantee-not-collected,계약보증금 미징구로 인한 지방재정 손실 사건 — 감사 지적 사례와 실무 대응 방법,audit-cases,,05_계약조달,UNSPECIFIED,LOCAL,SILMU_RECONSTRUCTED_CASE,UPDATE,MEDIUM,2026-06-18,0,2,3949,R-AC2 재구성 사례인데 '5단계 정합성 검증 완료' 배지가 사례 검증으로 오독됨,"provenance=SILMU_RECONSTRUCTED_CASE 라벨을 제목/상단에 명시, 배지 문구를 '법령근거 검증'으로 한정",P0
audit-cases:contract-late-execution,/audit-cases/contract-late-execution,계약체결 지연 (기한 초과) — 감사 지적 사례와 실무 대응 방법,audit-cases,,05_계약조달,UNSPECIFIED,LOCAL,SILMU_RECONSTRUCTED_CASE,UPDATE,MEDIUM,2026-06-09,0,1,2548,R-AC2 재구성 사례인데 '5단계 정합성 검증 완료' 배지가 사례 검증으로 오독됨,"provenance=SILMU_RECONSTRUCTED_CASE 라벨을 제목/상단에 명시, 배지 문구를 '법령근거 검증'으로 한정",P0
audit-cases:contract-missing-special-terms,/audit-cases/contract-missing-special-terms,특수조건 누락 계약 체결 — 감사 지적 사례와 실무 대응 방법,audit-cases,,05_계약조달,UNSPECIFIED,LOCAL,SILMU_RECONSTRUCTED_CASE,UPDATE,MEDIUM,2026-06-09,0,1,2472,R-AC2 재구성 사례인데 '5단계 정합성 검증 완료' 배지가 사례 검증으로 오독됨,"provenance=SILMU_RECONSTRUCTED_CASE 라벨을 제목/상단에 명시, 배지 문구를 '법령근거 검증'으로 한정",P0
audit-cases:contract-no-guarantee-forfeiture,/audit-cases/contract-no-guarantee-forfeiture,계약 불이행 시 보증금 미귀속 — 감사 지적 사례와 실무 대응 방법,audit-cases,,05_계약조달,UNSPECIFIED,LOCAL,SILMU_RECONSTRUCTED_CASE,UPDATE,MEDIUM,2026-06-09,0,1,2661,R-AC2 재구성 사례인데 '5단계 정합성 검증 완료' 배지가 사례 검증으로 오독됨,"provenance=SILMU_RECONSTRUCTED_CASE 라벨을 제목/상단에 명시, 배지 문구를 '법령근거 검증'으로 한정",P0
audit-cases:contract-verbal-agreement,/audit-cases/contract-verbal-agreement,구두 합의에 의한 계약 변경 — 감사 지적 사례와 실무 대응 방법,audit-cases,,05_계약조달,UNSPECIFIED,LOCAL,SILMU_RECONSTRUCTED_CASE,UPDATE,MEDIUM,2026-06-09,0,21,2544,R-AC2 재구성 사례인데 '5단계 정합성 검증 완료' 배지가 사례 검증으로 오독됨,"provenance=SILMU_RECONSTRUCTED_CASE 라벨을 제목/상단에 명시, 배지 문구를 '법령근거 검증'으로 한정",P0
audit-cases:contract-wrong-party,/audit-cases/contract-wrong-party,계약상대자 자격 미확인 — 감사 지적 사례와 실무 대응 방법,audit-cases,,05_계약조달,UNSPECIFIED,LOCAL,SILMU_RECONSTRUCTED_CASE,UPDATE,MEDIUM,2026-06-09,0,1,2484,R-AC2 재구성 사례인데 '5단계 정합성 검증 완료' 배지가 사례 검증으로 오독됨,"provenance=SILMU_RECONSTRUCTED_CASE 라벨을 제목/상단에 명시, 배지 문구를 '법령근거 검증'으로 한정",P0
audit-cases:debt-management-negligence,/audit-cases/debt-management-negligence,채권 관리 소홀로 시효 소멸 손실 발생 — 감사 지적 사례와 실무 대응 방법,audit-cases,,99_미분류,UNSPECIFIED,LOCAL,UNVERIFIED,UPDATE,HIGH,2026-05-19,0,1,4117,R-AC1 검토출처에 내부 엔지니어링 메타데이터(커밋/배치/lawId) 노출,출처 필드를 사례 출처로 교체하고 검증방법은 별도 필드로 분리,P0
audit-cases:defect-warranty-no-deposit,/audit-cases/defect-warranty-no-deposit,하자보증금 미징구 — 감사 지적 사례와 실무 대응 방법,audit-cases,,99_미분류,UNSPECIFIED,LOCAL,SILMU_RECONSTRUCTED_CASE,UPDATE,MEDIUM,2026-06-09,0,1,2692,R-AC2 재구성 사례인데 '5단계 정합성 검증 완료' 배지가 사례 검증으로 오독됨,"provenance=SILMU_RECONSTRUCTED_CASE 라벨을 제목/상단에 명시, 배지 문구를 '법령근거 검증'으로 한정",P0
audit-cases:defect-warranty-short-period,/audit-cases/defect-warranty-short-period,하자담보책임기간 부족 설정 — 감사 지적 사례와 실무 대응 방법,audit-cases,,99_미분류,UNSPECIFIED,LOCAL,SILMU_RECONSTRUCTED_CASE,UPDATE,MEDIUM,2026-06-09,0,1,2653,R-AC2 재구성 사례인데 '5단계 정합성 검증 완료' 배지가 사례 검증으로 오독됨,"provenance=SILMU_RECONSTRUCTED_CASE 라벨을 제목/상단에 명시, 배지 문구를 '법령근거 검증'으로 한정",P0
audit-cases:defective-construction-cover-up,/audit-cases/defective-construction-cover-up,부실 시공 은폐 및 준공검사 부정 통과 사건 — 감사 지적 사례와 실무 대응 방법,audit-cases,,13_시설안전,UNSPECIFIED,LOCAL,SILMU_RECONSTRUCTED_CASE,UPDATE,MEDIUM,2026-06-29,0,0,4300,R-AC2 재구성 사례인데 '5단계 정합성 검증 완료' 배지가 사례 검증으로 오독됨 ; R-S1 내부링크 인바운드 0 (고아 페이지),"provenance=SILMU_RECONSTRUCTED_CASE 라벨을 제목/상단에 명시, 배지 문구를 '법령근거 검증'으로 한정 ; 허브(토픽/카테고리)에서 링크 연결",P0
audit-cases:defective-inspection,/audit-cases/defective-inspection,준공검사 부실로 공사 하자 발생 — 감사 지적 사례와 실무 대응 방법,audit-cases,,05_계약조달,UNSPECIFIED,LOCAL,SILMU_RECONSTRUCTED_CASE,UPDATE,MEDIUM,2026-06-18,0,7,3917,R-AC2 재구성 사례인데 '5단계 정합성 검증 완료' 배지가 사례 검증으로 오독됨,"provenance=SILMU_RECONSTRUCTED_CASE 라벨을 제목/상단에 명시, 배지 문구를 '법령근거 검증'으로 한정",P0
audit-cases:design-change-unapproved,/audit-cases/design-change-unapproved,설계변경 미승인 시공 — 감사 지적 사례와 실무 대응 방법,audit-cases,,99_미분류,UNSPECIFIED,LOCAL,SILMU_RECONSTRUCTED_CASE,UPDATE,MEDIUM,2026-06-18,0,1,2763,R-AC2 재구성 사례인데 '5단계 정합성 검증 완료' 배지가 사례 검증으로 오독됨,"provenance=SILMU_RECONSTRUCTED_CASE 라벨을 제목/상단에 명시, 배지 문구를 '법령근거 검증'으로 한정",P0
audit-cases:domestic-travel-transport-overclaim,/audit-cases/domestic-travel-transport-overclaim,국내출장 교통비 부풀리기 — 실비 초과 항공·열차비 청구 — 감사 지적 사례와 실무 대응 방법,audit-cases,,02_복무,UNSPECIFIED,UNSPECIFIED,UNVERIFIED,UPDATE,HIGH,2026-05-19,0,2,3776,R-AC1 검토출처에 내부 엔지니어링 메타데이터(커밋/배치/lawId) 노출,출처 필드를 사례 출처로 교체하고 검증방법은 별도 필드로 분리,P0
audit-cases:double-booking-budget,/audit-cases/double-booking-budget,예산 이중 계상으로 중복 집행 — 내부 통제 미비 — 감사 지적 사례와 실무 대응 방법,audit-cases,,04_예산회계,UNSPECIFIED,LOCAL,UNVERIFIED,UPDATE,HIGH,2026-05-19,0,1,1979,R-AC1 검토출처에 내부 엔지니어링 메타데이터(커밋/배치/lawId) 노출,출처 필드를 사례 출처로 교체하고 검증방법은 별도 필드로 분리,P0
audit-cases:double-entry-error,/audit-cases/double-entry-error,복식부기 회계처리 오류로 재무제표 부정확 — 감사 지적 사례와 실무 대응 방법,audit-cases,,99_미분류,UNSPECIFIED,LOCAL,UNVERIFIED,UPDATE,HIGH,2026-05-19,0,1,3992,R-AC1 검토출처에 내부 엔지니어링 메타데이터(커밋/배치/lawId) 노출,출처 필드를 사례 출처로 교체하고 검증방법은 별도 필드로 분리,P0
audit-cases:e-bidding-error-switched-to-paper,/audit-cases/e-bidding-error-switched-to-paper,전자입찰 오류 발생 시 임의로 서면입찰 전환하여 입찰 절차 위반 — 감사 지적 사례와 실무 대응 방법,audit-cases,,05_계약조달,EDUCATION_OFFICE|PUBLIC_SCHOOL,LOCAL,SILMU_RECONSTRUCTED_CASE,UPDATE,MEDIUM,2026-06-29,0,1,4153,R-AC2 재구성 사례인데 '5단계 정합성 검증 완료' 배지가 사례 검증으로 오독됨,"provenance=SILMU_RECONSTRUCTED_CASE 라벨을 제목/상단에 명시, 배지 문구를 '법령근거 검증'으로 한정",P0
audit-cases:e-bidding-offline-processed,/audit-cases/e-bidding-offline-processed,전자입찰 의무 대상 서면 처리 — 감사 지적 사례와 실무 대응 방법,audit-cases,,05_계약조달,LOCAL_GOVERNMENT,LOCAL,SILMU_RECONSTRUCTED_CASE,UPDATE,MEDIUM,2026-06-18,0,1,2758,R-AC2 재구성 사례인데 '5단계 정합성 검증 완료' 배지가 사례 검증으로 오독됨,"provenance=SILMU_RECONSTRUCTED_CASE 라벨을 제목/상단에 명시, 배지 문구를 '법령근거 검증'으로 한정",P0
audit-cases:e-procurement-bypass-narajangteo,/audit-cases/e-procurement-bypass-narajangteo,나라장터 등록 없이 별도 계약 체결 — 전자조달 의무 우회 사건 — 감사 지적 사례와 실무 대응 방법,audit-cases,,05_계약조달,UNSPECIFIED,LOCAL,SILMU_RECONSTRUCTED_CASE,UPDATE,MEDIUM,2026-06-29,0,2,4080,R-AC2 재구성 사례인데 '5단계 정합성 검증 완료' 배지가 사례 검증으로 오독됨,"provenance=SILMU_RECONSTRUCTED_CASE 라벨을 제목/상단에 명시, 배지 문구를 '법령근거 검증'으로 한정",P0
audit-cases:emergency-budget-violation,/audit-cases/emergency-budget-violation,긴급예산 편성 요건 미충족으로 재정운영 부적정 — 감사 지적 사례와 실무 대응 방법,audit-cases,,04_예산회계,UNSPECIFIED,LOCAL,UNVERIFIED,UPDATE,HIGH,2026-05-19,0,1,4243,R-AC1 검토출처에 내부 엔지니어링 메타데이터(커밋/배치/lawId) 노출,출처 필드를 사례 출처로 교체하고 검증방법은 별도 필드로 분리,P0
audit-cases:emergency-contract-unjustified,/audit-cases/emergency-contract-unjustified,긴급수의계약 사유 부적정 — 감사 지적 사례와 실무 대응 방법,audit-cases,,05_계약조달,UNSPECIFIED,LOCAL,SILMU_RECONSTRUCTED_CASE,UPDATE,MEDIUM,2026-06-18,0,1,2722,R-AC2 재구성 사례인데 '5단계 정합성 검증 완료' 배지가 사례 검증으로 오독됨,"provenance=SILMU_RECONSTRUCTED_CASE 라벨을 제목/상단에 명시, 배지 문구를 '법령근거 검증'으로 한정",P0
audit-cases:estimated-price-leak,/audit-cases/estimated-price-leak,예정가격 사전 누설 — 감사 지적 사례와 실무 대응 방법,audit-cases,,05_계약조달,UNSPECIFIED,LOCAL,SILMU_RECONSTRUCTED_CASE,UPDATE,MEDIUM,2026-06-09,0,1,2862,R-AC2 재구성 사례인데 '5단계 정합성 검증 완료' 배지가 사례 검증으로 오독됨,"provenance=SILMU_RECONSTRUCTED_CASE 라벨을 제목/상단에 명시, 배지 문구를 '법령근거 검증'으로 한정",P0
audit-cases:estimated-price-leak-incident,/audit-cases/estimated-price-leak-incident,예정가격 누설로 인한 입찰 담합 사건 — 감사 지적 사례와 실무 대응 방법,audit-cases,,05_계약조달,LOCAL_GOVERNMENT,LOCAL,SILMU_RECONSTRUCTED_CASE,UPDATE,MEDIUM,2026-06-29,0,2,3417,R-AC2 재구성 사례인데 '5단계 정합성 검증 완료' 배지가 사례 검증으로 오독됨,"provenance=SILMU_RECONSTRUCTED_CASE 라벨을 제목/상단에 명시, 배지 문구를 '법령근거 검증'으로 한정",P0
audit-cases:estimated-price-no-research,/audit-cases/estimated-price-no-research,예정가격 시장조사 미실시 — 감사 지적 사례와 실무 대응 방법,audit-cases,,05_계약조달,UNSPECIFIED,LOCAL,SILMU_RECONSTRUCTED_CASE,UPDATE,MEDIUM,2026-06-09,0,1,2674,R-AC2 재구성 사례인데 '5단계 정합성 검증 완료' 배지가 사례 검증으로 오독됨,"provenance=SILMU_RECONSTRUCTED_CASE 라벨을 제목/상단에 명시, 배지 문구를 '법령근거 검증'으로 한정",P0
audit-cases:expenditure-over-budget,/audit-cases/expenditure-over-budget,예산 잔액 미확인 집행 — 예산 초과 지출원인행위 — 감사 지적 사례와 실무 대응 방법,audit-cases,,04_예산회계,UNSPECIFIED,LOCAL,UNVERIFIED,UPDATE,HIGH,2026-05-19,0,1,1992,R-AC1 검토출처에 내부 엔지니어링 메타데이터(커밋/배치/lawId) 노출,출처 필드를 사례 출처로 교체하고 검증방법은 별도 필드로 분리,P0
audit-cases:false-private-contract-reason,/audit-cases/false-private-contract-reason,수의계약 요건 미충족 및 사유서 허위 작성 사건 — 감사 지적 사례와 실무 대응 방법,audit-cases,,05_계약조달,LOCAL_GOVERNMENT,LOCAL,SILMU_RECONSTRUCTED_CASE,UPDATE,MEDIUM,2026-06-18,0,2,4877,R-AC2 재구성 사례인데 '5단계 정합성 검증 완료' 배지가 사례 검증으로 오독됨,"provenance=SILMU_RECONSTRUCTED_CASE 라벨을 제목/상단에 명시, 배지 문구를 '법령근거 검증'으로 한정",P0
audit-cases:family-allowance-ineligible-payment,/audit-cases/family-allowance-ineligible-payment,자격 상실 후에도 가족수당 계속 지급 — 수급자 변동 미신고 — 감사 지적 사례와 실무 대응 방법,audit-cases,,03_보수수당,UNSPECIFIED,BOTH,UNVERIFIED,UPDATE,HIGH,2026-05-19,0,1,2917,R-AC1 검토출처에 내부 엔지니어링 메타데이터(커밋/배치/lawId) 노출 ; R-C1 국가/지방 규정 동시 언급 + 적용 대상 미명시,출처 필드를 사례 출처로 교체하고 검증방법은 별도 필드로 분리 ; 적용 대상(기관유형) 명시,P0
audit-cases:financial-statement-error,/audit-cases/financial-statement-error,결산서 작성 오류로 재정상태 왜곡 — 감사 지적 사례와 실무 대응 방법,audit-cases,,99_미분류,UNSPECIFIED,LOCAL,UNVERIFIED,UPDATE,HIGH,2026-05-19,0,1,4066,R-AC1 검토출처에 내부 엔지니어링 메타데이터(커밋/배치/lawId) 노출,출처 필드를 사례 출처로 교체하고 검증방법은 별도 필드로 분리,P0
audit-cases:foreign-travel-private-tourism,/audit-cases/foreign-travel-private-tourism,공무국외여행 사적 관광 일정 추가 후 전액 공무 경비로 청구 — 감사 지적 사례와 실무 대응 방법,audit-cases,,02_복무,UNSPECIFIED,UNSPECIFIED,UNVERIFIED,UPDATE,HIGH,2026-05-19,0,1,3841,R-AC1 검토출처에 내부 엔지니어링 메타데이터(커밋/배치/lawId) 노출,출처 필드를 사례 출처로 교체하고 검증방법은 별도 필드로 분리,P0
audit-cases:goe-2021-annual-leave-compensation-mispayment,/audit-cases/goe-2021-annual-leave-compensation-mispayment,연가보상비 지급 부적정 — 병가 미제외·보상일수 산정 착오·교육공무직 연차수당 — 감사 지적 사례와 실무 대응,audit-cases,,02_복무,EDUCATION_OFFICE|PUBLIC_SCHOOL,UNSPECIFIED,UNVERIFIED,UPDATE,HIGH,2026-05-21,0,2,4503,R-AC1 검토출처에 내부 엔지니어링 메타데이터(커밋/배치/lawId) 노출,출처 필드를 사례 출처로 교체하고 검증방법은 별도 필드로 분리,P0
audit-cases:goe-2021-beneficiary-cost-direct-use,/audit-cases/goe-2021-beneficiary-cost-direct-use,수익자부담경비 미편입·직접 사용 — 별도 계좌·학생 직접 납부 — 감사 지적 사례와 실무 대응 방법,audit-cases,,99_미분류,EDUCATION_OFFICE|PUBLIC_SCHOOL,UNSPECIFIED,OFFICIAL_PARTIAL,UPDATE,HIGH,2026-05-19,0,1,4746,"R-AC3 실제 감사보고서 출처이나 원문 URL·페이지·처분 미기재, 내부 backlog 문구 공개 노출 ; R-G1 금액이 있으나 조문 근거 표기 없음(fake precision)",original_document_url·page·disposition 채우고 backlog 문구 제거 ; 금액마다 근거 조문·기준일 병기,P0
audit-cases:goe-2021-beneficiary-cost-settlement,/audit-cases/goe-2021-beneficiary-cost-settlement,수익자부담경비 정산 부적정 — 정산 미공개·집행잔액 미반환 — 감사 지적 사례와 실무 대응 방법,audit-cases,,04_예산회계,EDUCATION_OFFICE|PUBLIC_SCHOOL,UNSPECIFIED,OFFICIAL_PARTIAL,UPDATE,HIGH,2026-05-19,0,1,3837,"R-AC3 실제 감사보고서 출처이나 원문 URL·페이지·처분 미기재, 내부 backlog 문구 공개 노출 ; R-G1 금액이 있으나 조문 근거 표기 없음(fake precision)",original_document_url·page·disposition 채우고 backlog 문구 제거 ; 금액마다 근거 조문·기준일 병기,P0
audit-cases:goe-2021-bid-announcement-period,/audit-cases/goe-2021-bid-announcement-period,입찰공고 업무처리 부적정 — 10일 미만 공고·지역 잘못 제한 — 감사 지적 사례와 실무 대응 방법,audit-cases,,05_계약조달,UNSPECIFIED,BOTH,UNVERIFIED,UPDATE,HIGH,2026-05-21,0,23,1833,R-AC1 검토출처에 내부 엔지니어링 메타데이터(커밋/배치/lawId) 노출 ; R-G1 금액이 있으나 조문 근거 표기 없음(fake precision) ; R-C1 국가/지방 규정 동시 언급 + 적용 대상 미명시,출처 필드를 사례 출처로 교체하고 검증방법은 별도 필드로 분리 ; 금액마다 근거 조문·기준일 병기 ; 적용 대상(기관유형) 명시,P0
audit-cases:goe-2021-budget-account-mixed-execution,/audit-cases/goe-2021-budget-account-mixed-execution,세출예산과목 혼용 집행 — 일반수용비·시설비·업무추진비 비목 위반 — 감사 지적 사례와 실무 대응 방법,audit-cases,,04_예산회계,EDUCATION_OFFICE|PUBLIC_SCHOOL,UNSPECIFIED,UNVERIFIED,UPDATE,HIGH,2026-05-21,0,0,4759,R-AC1 검토출처에 내부 엔지니어링 메타데이터(커밋/배치/lawId) 노출 ; R-G1 금액이 있으나 조문 근거 표기 없음(fake precision) ; R-S1 내부링크 인바운드 0 (고아 페이지),출처 필드를 사례 출처로 교체하고 검증방법은 별도 필드로 분리 ; 금액마다 근거 조문·기준일 병기 ; 허브(토픽/카테고리)에서 링크 연결,P0
audit-cases:goe-2021-budget-formation-violation,/audit-cases/goe-2021-budget-formation-violation,학교(교비)회계 예산편성 업무 처리 부적정 — 감사 지적 사례와 실무 대응 방법,audit-cases,,04_예산회계,EDUCATION_OFFICE|PUBLIC_SCHOOL,UNSPECIFIED,UNVERIFIED,UPDATE,HIGH,2026-05-21,0,0,1844,R-AC1 검토출처에 내부 엔지니어링 메타데이터(커밋/배치/lawId) 노출 ; R-S1 내부링크 인바운드 0 (고아 페이지),출처 필드를 사례 출처로 교체하고 검증방법은 별도 필드로 분리 ; 허브(토픽/카테고리)에서 링크 연결,P0
audit-cases:goe-2021-budget-transfer-violation,/audit-cases/goe-2021-budget-transfer-violation,학교(교비)회계 예산 이·전용 업무처리 부적정 — 감사 지적 사례와 실무 대응 방법,audit-cases,,04_예산회계,UNSPECIFIED,UNSPECIFIED,UNVERIFIED,UPDATE,HIGH,2026-05-21,0,35,4690,R-AC1 검토출처에 내부 엔지니어링 메타데이터(커밋/배치/lawId) 노출 ; R-G1 금액이 있으나 조문 근거 표기 없음(fake precision),출처 필드를 사례 출처로 교체하고 검증방법은 별도 필드로 분리 ; 금액마다 근거 조문·기준일 병기,P0
audit-cases:goe-2021-building-registration-delay,/audit-cases/goe-2021-building-registration-delay,건물소유권 보존 등기 부적정 — 준공 후 60일 초과 — 감사 지적 사례와 실무 대응 방법,audit-cases,,99_미분류,EDUCATION_OFFICE|PUBLIC_SCHOOL,UNSPECIFIED,UNVERIFIED,UPDATE,HIGH,2026-05-21,0,0,3919,R-AC1 검토출처에 내부 엔지니어링 메타데이터(커밋/배치/lawId) 노출 ; R-G1 금액이 있으나 조문 근거 표기 없음(fake precision) ; R-S1 내부링크 인바운드 0 (고아 페이지),출처 필드를 사례 출처로 교체하고 검증방법은 별도 필드로 분리 ; 금액마다 근거 조문·기준일 병기 ; 허브(토픽/카테고리)에서 링크 연결,P0
audit-cases:goe-2021-business-promotion-improper,/audit-cases/goe-2021-business-promotion-improper,업무추진비 집행 부적정 — 격려금·취임식 화분·메달·현금지출 위반 — 감사 지적 사례와 실무 대응 방법,audit-cases,,99_미분류,EDUCATION_OFFICE|PUBLIC_SCHOOL,UNSPECIFIED,UNVERIFIED,UPDATE,HIGH,2026-05-21,0,0,2281,R-AC1 검토출처에 내부 엔지니어링 메타데이터(커밋/배치/lawId) 노출 ; R-G1 금액이 있으나 조문 근거 표기 없음(fake precision) ; R-S1 내부링크 인바운드 0 (고아 페이지),출처 필드를 사례 출처로 교체하고 검증방법은 별도 필드로 분리 ; 금액마다 근거 조문·기준일 병기 ; 허브(토픽/카테고리)에서 링크 연결,P0
audit-cases:goe-2021-clothing-expense-improper,/audit-cases/goe-2021-clothing-expense-improper,피복비 사용 부적정 — 개인 목적 의복·BTL 운영사·생활지도 교사 — 감사 지적 사례와 실무 대응 방법,audit-cases,,04_예산회계,EDUCATION_OFFICE|PUBLIC_SCHOOL,UNSPECIFIED,UNVERIFIED,UPDATE,HIGH,2026-05-21,0,0,4676,R-AC1 검토출처에 내부 엔지니어링 메타데이터(커밋/배치/lawId) 노출 ; R-G1 금액이 있으나 조문 근거 표기 없음(fake precision) ; R-S1 내부링크 인바운드 0 (고아 페이지),출처 필드를 사례 출처로 교체하고 검증방법은 별도 필드로 분리 ; 금액마다 근거 조문·기준일 병기 ; 허브(토픽/카테고리)에서 링크 연결,P0
audit-cases:goe-2021-condolence-money-improper,/audit-cases/goe-2021-condolence-money-improper,업무추진비(경조사비) 집행 부적정 — 대상 위반·5만원 한도 초과 — 감사 지적 사례와 실무 대응 방법,audit-cases,,99_미분류,EDUCATION_OFFICE|PUBLIC_SCHOOL,UNSPECIFIED,UNVERIFIED,UPDATE,HIGH,2026-05-21,0,35,1958,R-AC1 검토출처에 내부 엔지니어링 메타데이터(커밋/배치/lawId) 노출 ; R-G1 금액이 있으나 조문 근거 표기 없음(fake precision),출처 필드를 사례 출처로 교체하고 검증방법은 별도 필드로 분리 ; 금액마다 근거 조문·기준일 병기,P0
audit-cases:goe-2021-contract-method-2stage-bidding,/audit-cases/goe-2021-contract-method-2stage-bidding,계약방법 부적정 — 청소·경비 단순용역에 2단계 입찰 644M원 — 감사 지적 사례와 실무 대응 방법,audit-cases,,05_계약조달,EDUCATION_OFFICE|PUBLIC_SCHOOL,BOTH,UNVERIFIED,UPDATE,HIGH,2026-05-21,0,0,4510,R-AC1 검토출처에 내부 엔지니어링 메타데이터(커밋/배치/lawId) 노출 ; R-I2 유사 주제 클러스터 — 통합 검토 ; R-S1 내부링크 인바운드 0 (고아 페이지),출처 필드를 사례 출처로 교체하고 검증방법은 별도 필드로 분리 ; 허브(토픽/카테고리)에서 링크 연결,P0
audit-cases:goe-2021-contract-review-omission,/audit-cases/goe-2021-contract-review-omission,계약심사·일상감사 미이행 — 7천만원 용역·2천만원 물품 심사 누락 — 감사 지적 사례와 실무 대응 방법,audit-cases,,05_계약조달,EDUCATION_OFFICE|PUBLIC_SCHOOL,UNSPECIFIED,UNVERIFIED,UPDATE,HIGH,2026-05-21,0,0,4510,R-AC1 검토출처에 내부 엔지니어링 메타데이터(커밋/배치/lawId) 노출 ; R-G1 금액이 있으나 조문 근거 표기 없음(fake precision) ; R-S1 내부링크 인바운드 0 (고아 페이지),출처 필드를 사례 출처로 교체하고 검증방법은 별도 필드로 분리 ; 금액마다 근거 조문·기준일 병기 ; 허브(토픽/카테고리)에서 링크 연결,P0
audit-cases:goe-2021-credit-card-payment-account,/audit-cases/goe-2021-credit-card-payment-account,신용카드 대금계좌 관리 부적정 — 밀어내기 납부·개인 입금·14개월 미입금 — 감사 지적 사례와 실무 대응 방법,audit-cases,,03_보수수당,EDUCATION_OFFICE|PUBLIC_SCHOOL,UNSPECIFIED,OFFICIAL_PARTIAL,UPDATE,HIGH,2026-05-19,0,1,4787,"R-AC3 실제 감사보고서 출처이나 원문 URL·페이지·처분 미기재, 내부 backlog 문구 공개 노출 ; R-G1 금액이 있으나 조문 근거 표기 없음(fake precision)",original_document_url·page·disposition 채우고 backlog 문구 제거 ; 금액마다 근거 조문·기준일 병기,P0
audit-cases:goe-2021-credit-card-self-inspection,/audit-cases/goe-2021-credit-card-self-inspection,신용카드 자체점검 부적정 — 2년 9개월간 분임재무관 보고 누락 — 감사 지적 사례와 실무 대응 방법,audit-cases,,05_계약조달,EDUCATION_OFFICE|PUBLIC_SCHOOL,UNSPECIFIED,OFFICIAL_PARTIAL,UPDATE,HIGH,2026-05-19,0,2,3710,"R-AC3 실제 감사보고서 출처이나 원문 URL·페이지·처분 미기재, 내부 backlog 문구 공개 노출 ; R-G1 금액이 있으나 조문 근거 표기 없음(fake precision)",original_document_url·page·disposition 채우고 backlog 문구 제거 ; 금액마다 근거 조문·기준일 병기,P0
audit-cases:goe-2021-daily-audit-89-cases,/audit-cases/goe-2021-daily-audit-89-cases,일상감사 대량 미이행 — 3년간 89건 미의뢰·44건 회신전 집행 — 감사 지적 사례와 실무 대응 방법,audit-cases,,11_감사청렴,EDUCATION_OFFICE|PUBLIC_SCHOOL,UNSPECIFIED,UNVERIFIED,UPDATE,HIGH,2026-05-21,0,0,4329,R-AC1 검토출처에 내부 엔지니어링 메타데이터(커밋/배치/lawId) 노출 ; R-G1 금액이 있으나 조문 근거 표기 없음(fake precision) ; R-S1 내부링크 인바운드 0 (고아 페이지),출처 필드를 사례 출처로 교체하고 검증방법은 별도 필드로 분리 ; 금액마다 근거 조문·기준일 병기 ; 허브(토픽/카테고리)에서 링크 연결,P0
audit-cases:goe-2021-deemed-budget-violation,/audit-cases/goe-2021-deemed-budget-violation,학교(교비)회계 간주처리 예산 업무 소홀 — 감사 지적 사례와 실무 대응 방법,audit-cases,,04_예산회계,EDUCATION_OFFICE|PUBLIC_SCHOOL,UNSPECIFIED,UNVERIFIED,UPDATE,HIGH,2026-05-21,0,0,1914,R-AC1 검토출처에 내부 엔지니어링 메타데이터(커밋/배치/lawId) 노출 ; R-S1 내부링크 인바운드 0 (고아 페이지),출처 필드를 사례 출처로 교체하고 검증방법은 별도 필드로 분리 ; 허브(토픽/카테고리)에서 링크 연결,P0
audit-cases:goe-2021-development-fund-handover,/audit-cases/goe-2021-development-fund-handover,학교운영위원회 인수인계 부적정 — 학교발전기금 출납명령기관 교체 — 감사 지적 사례와 실무 대응 방법,audit-cases,,04_예산회계,EDUCATION_OFFICE|PUBLIC_SCHOOL,UNSPECIFIED,OFFICIAL_PARTIAL,UPDATE,HIGH,2026-05-19,0,0,3955,"R-AC3 실제 감사보고서 출처이나 원문 URL·페이지·처분 미기재, 내부 backlog 문구 공개 노출 ; R-G1 금액이 있으나 조문 근거 표기 없음(fake precision) ; R-S1 내부링크 인바운드 0 (고아 페이지)",original_document_url·page·disposition 채우고 backlog 문구 제거 ; 금액마다 근거 조문·기준일 병기 ; 허브(토픽/카테고리)에서 링크 연결,P0
audit-cases:goe-2021-development-fund-misclassified,/audit-cases/goe-2021-development-fund-misclassified,학교발전기금을 세입세출외현금으로 관리 — 기부금 분류 오류 — 감사 지적 사례와 실무 대응 방법,audit-cases,,04_예산회계,EDUCATION_OFFICE|PUBLIC_SCHOOL,LOCAL,OFFICIAL_PARTIAL,UPDATE,HIGH,2026-05-19,0,47,3897,"R-AC3 실제 감사보고서 출처이나 원문 URL·페이지·처분 미기재, 내부 backlog 문구 공개 노출 ; R-G1 금액이 있으나 조문 근거 표기 없음(fake precision)",original_document_url·page·disposition 채우고 backlog 문구 제거 ; 금액마다 근거 조문·기준일 병기,P0
audit-cases:goe-2021-development-fund-misuse,/audit-cases/goe-2021-development-fund-misuse,학교발전기금 운영 부적정 — 사용목적 위반·운용계획 미수립 — 감사 지적 사례와 실무 대응 방법,audit-cases,,04_예산회계,EDUCATION_OFFICE|PUBLIC_SCHOOL,UNSPECIFIED,OFFICIAL_PARTIAL,UPDATE,HIGH,2026-05-19,0,0,1840,"R-AC3 실제 감사보고서 출처이나 원문 URL·페이지·처분 미기재, 내부 backlog 문구 공개 노출 ; R-G1 금액이 있으나 조문 근거 표기 없음(fake precision) ; R-S1 내부링크 인바운드 0 (고아 페이지)",original_document_url·page·disposition 채우고 backlog 문구 제거 ; 금액마다 근거 조문·기준일 병기 ; 허브(토픽/카테고리)에서 링크 연결,P0
audit-cases:goe-2021-disposal-procedure-violation,/audit-cases/goe-2021-disposal-procedure-violation,불용품 매각절차 부적정 — 10만원 초과 불용품 일반입찰 회피 — 감사 지적 사례와 실무 대응 방법,audit-cases,,99_미분류,EDUCATION_OFFICE|PUBLIC_SCHOOL,UNSPECIFIED,UNVERIFIED,UPDATE,HIGH,2026-05-21,0,0,3737,R-AC1 검토출처에 내부 엔지니어링 메타데이터(커밋/배치/lawId) 노출 ; R-S1 내부링크 인바운드 0 (고아 페이지),출처 필드를 사례 출처로 교체하고 검증방법은 별도 필드로 분리 ; 허브(토픽/카테고리)에서 링크 연결,P0
audit-cases:goe-2021-explicit-carryover-violation,/audit-cases/goe-2021-explicit-carryover-violation,학교(교비)회계 명시이월 처리 부적정 — 감사 지적 사례와 실무 대응 방법,audit-cases,,99_미분류,EDUCATION_OFFICE|PUBLIC_SCHOOL,UNSPECIFIED,UNVERIFIED,UPDATE,HIGH,2026-05-21,0,0,4138,R-AC1 검토출처에 내부 엔지니어링 메타데이터(커밋/배치/lawId) 노출 ; R-G1 금액이 있으나 조문 근거 표기 없음(fake precision) ; R-S1 내부링크 인바운드 0 (고아 페이지),출처 필드를 사례 출처로 교체하고 검증방법은 별도 필드로 분리 ; 금액마다 근거 조문·기준일 병기 ; 허브(토픽/카테고리)에서 링크 연결,P0
audit-cases:goe-2021-failed-bid-private-contract,/audit-cases/goe-2021-failed-bid-private-contract,유찰 후 수의계약 체결 부적정 — 조건 변경·재공고 누락 — 감사 지적 사례와 실무 대응 방법,audit-cases,,05_계약조달,EDUCATION_OFFICE|PUBLIC_SCHOOL,BOTH,UNVERIFIED,UPDATE,HIGH,2026-05-21,0,0,4240,R-AC1 검토출처에 내부 엔지니어링 메타데이터(커밋/배치/lawId) 노출 ; R-C1 국가/지방 규정 동시 언급 + 적용 대상 미명시 ; R-S1 내부링크 인바운드 0 (고아 페이지),출처 필드를 사례 출처로 교체하고 검증방법은 별도 필드로 분리 ; 적용 대상(기관유형) 명시 ; 허브(토픽/카테고리)에서 링크 연결,P0
audit-cases:goe-2021-family-allowance-misdeclaration,/audit-cases/goe-2021-family-allowance-misdeclaration,가족수당 지급 부적정 — 부양가족 변동 미신고 — 감사 지적 사례와 실무 대응 방법,audit-cases,,03_보수수당,EDUCATION_OFFICE|PUBLIC_SCHOOL,UNSPECIFIED,UNVERIFIED,UPDATE,HIGH,2026-05-21,0,1,3937,R-AC1 검토출처에 내부 엔지니어링 메타데이터(커밋/배치/lawId) 노출 ; R-G1 금액이 있으나 조문 근거 표기 없음(fake precision),출처 필드를 사례 출처로 교체하고 검증방법은 별도 필드로 분리 ; 금액마다 근거 조문·기준일 병기,P0
audit-cases:goe-2021-fiscal-year-independence-violation,/audit-cases/goe-2021-fiscal-year-independence-violation,회계연도 독립의 원칙 미준수 — 종료 후 소급 지출원인행위 — 감사 지적 사례와 실무 대응 방법,audit-cases,,04_예산회계,EDUCATION_OFFICE|PUBLIC_SCHOOL,UNSPECIFIED,OFFICIAL_PARTIAL,UPDATE,HIGH,2026-05-19,0,1,4156,"R-AC3 실제 감사보고서 출처이나 원문 URL·페이지·처분 미기재, 내부 backlog 문구 공개 노출 ; R-G1 금액이 있으나 조문 근거 표기 없음(fake precision)",original_document_url·page·disposition 채우고 backlog 문구 제거 ; 금액마다 근거 조문·기준일 병기,P0
audit-cases:goe-2021-football-team-extension-contract,/audit-cases/goe-2021-football-team-extension-contract,계약방법 부적정 — 축구부 급식 연장계약 123M 1인 수의 — 감사 지적 사례와 실무 대응 방법,audit-cases,,05_계약조달,EDUCATION_OFFICE|PUBLIC_SCHOOL,BOTH,UNVERIFIED,UPDATE,HIGH,2026-05-21,0,28,4445,R-AC1 검토출처에 내부 엔지니어링 메타데이터(커밋/배치/lawId) 노출 ; R-C1 국가/지방 규정 동시 언급 + 적용 대상 미명시 ; R-I2 유사 주제 클러스터 — 통합 검토,출처 필드를 사례 출처로 교체하고 검증방법은 별도 필드로 분리 ; 적용 대상(기관유형) 명시,P0
audit-cases:goe-2021-foreign-teacher-housing-deposit,/audit-cases/goe-2021-foreign-teacher-housing-deposit,원어민보조교사 주택임차 계약보증금 채권 확보 부적정 — 감사 지적 사례와 실무 대응 방법,audit-cases,,99_미분류,EDUCATION_OFFICE|PUBLIC_SCHOOL,UNSPECIFIED,UNVERIFIED,UPDATE,HIGH,2026-05-21,0,0,3998,R-AC1 검토출처에 내부 엔지니어링 메타데이터(커밋/배치/lawId) 노출 ; R-G1 금액이 있으나 조문 근거 표기 없음(fake precision) ; R-S1 내부링크 인바운드 0 (고아 페이지),출처 필드를 사례 출처로 교체하고 검증방법은 별도 필드로 분리 ; 금액마다 근거 조문·기준일 병기 ; 허브(토픽/카테고리)에서 링크 연결,P0
audit-cases:goe-2021-gift-voucher-management,/audit-cases/goe-2021-gift-voucher-management,상품권 관리 부적정 — 사전 일괄구매·인수인계 누락 — 감사 지적 사례와 실무 대응 방법,audit-cases,,99_미분류,EDUCATION_OFFICE|PUBLIC_SCHOOL,UNSPECIFIED,OFFICIAL_PARTIAL,UPDATE,HIGH,2026-05-19,0,0,4549,"R-AC3 실제 감사보고서 출처이나 원문 URL·페이지·처분 미기재, 내부 backlog 문구 공개 노출 ; R-G1 금액이 있으나 조문 근거 표기 없음(fake precision) ; R-S1 내부링크 인바운드 0 (고아 페이지)",original_document_url·page·disposition 채우고 backlog 문구 제거 ; 금액마다 근거 조문·기준일 병기 ; 허브(토픽/카테고리)에서 링크 연결,P0
audit-cases:goe-2021-improper-payee-cleaning-service,/audit-cases/goe-2021-improper-payee-cleaning-service,정당채주 지급 위반 — 청소용역 업무담당자 개인계좌 우선지급 — 감사 지적 사례와 실무 대응 방법,audit-cases,,03_보수수당,EDUCATION_OFFICE|PUBLIC_SCHOOL,LOCAL,UNVERIFIED,UPDATE,HIGH,2026-05-21,0,0,4435,R-AC1 검토출처에 내부 엔지니어링 메타데이터(커밋/배치/lawId) 노출 ; R-I2 유사 주제 클러스터 — 통합 검토 ; R-S1 내부링크 인바운드 0 (고아 페이지),출처 필드를 사례 출처로 교체하고 검증방법은 별도 필드로 분리 ; 허브(토픽/카테고리)에서 링크 연결,P0
audit-cases:goe-2021-improper-payee-personal-card,/audit-cases/goe-2021-improper-payee-personal-card,정당채주 지급 위반 — 교직원 개인카드·현금 선결제 후 학교 환급 — 감사 지적 사례와 실무 대응 방법,audit-cases,,03_보수수당,EDUCATION_OFFICE|PUBLIC_SCHOOL,LOCAL,UNVERIFIED,UPDATE,HIGH,2026-05-21,0,4,4533,R-AC1 검토출처에 내부 엔지니어링 메타데이터(커밋/배치/lawId) 노출 ; R-G1 금액이 있으나 조문 근거 표기 없음(fake precision) ; R-I2 유사 주제 클러스터 — 통합 검토,출처 필드를 사례 출처로 교체하고 검증방법은 별도 필드로 분리 ; 금액마다 근거 조문·기준일 병기,P0
audit-cases:goe-2021-instructor-allowance-improper,/audit-cases/goe-2021-instructor-allowance-improper,강사수당 지급 부적정 — 단가 잘못 적용·수강 인원 가산 증빙 누락 — 감사 지적 사례와 실무 대응 방법,audit-cases,,03_보수수당,EDUCATION_OFFICE|PUBLIC_SCHOOL,UNSPECIFIED,UNVERIFIED,UPDATE,HIGH,2026-05-21,0,1,4389,R-AC1 검토출처에 내부 엔지니어링 메타데이터(커밋/배치/lawId) 노출 ; R-G1 금액이 있으나 조문 근거 표기 없음(fake precision),출처 필드를 사례 출처로 교체하고 검증방법은 별도 필드로 분리 ; 금액마다 근거 조문·기준일 병기,P0
audit-cases:goe-2021-management-allowance-mispayment,/audit-cases/goe-2021-management-allowance-mispayment,보수 지급 부적정 — 관리업무수당·연가초과 결근·교육공무직 임의 산정 — 감사 지적 사례와 실무 대응 방법,audit-cases,,03_보수수당,EDUCATION_OFFICE|PUBLIC_SCHOOL,UNSPECIFIED,UNVERIFIED,UPDATE,HIGH,2026-05-21,0,1,2011,R-AC1 검토출처에 내부 엔지니어링 메타데이터(커밋/배치/lawId) 노출 ; R-G1 금액이 있으나 조문 근거 표기 없음(fake precision),출처 필드를 사례 출처로 교체하고 검증방법은 별도 필드로 분리 ; 금액마다 근거 조문·기준일 병기,P0
audit-cases:goe-2021-misc-allowance-improper,/audit-cases/goe-2021-misc-allowance-improper,각종 수당 지급 부적정 — 컨설팅·점검수당 지침 미준수 신설 — 감사 지적 사례와 실무 대응 방법,audit-cases,,03_보수수당,EDUCATION_OFFICE|PUBLIC_SCHOOL,UNSPECIFIED,UNVERIFIED,UPDATE,HIGH,2026-05-21,0,35,3968,R-AC1 검토출처에 내부 엔지니어링 메타데이터(커밋/배치/lawId) 노출 ; R-G1 금액이 있으나 조문 근거 표기 없음(fake precision),출처 필드를 사례 출처로 교체하고 검증방법은 별도 필드로 분리 ; 금액마다 근거 조문·기준일 병기,P0
audit-cases:goe-2021-overtime-allowance-mispayment,/audit-cases/goe-2021-overtime-allowance-mispayment,시간외근무수당 지급 부적정 — 정액분 15일·방과후수업 중복·자율학습감독 확인대장 — 감사 지적 사례와 실무,audit-cases,,02_복무,EDUCATION_OFFICE|PUBLIC_SCHOOL,NATIONAL,UNVERIFIED,UPDATE,HIGH,2026-05-21,0,2,2464,R-AC1 검토출처에 내부 엔지니어링 메타데이터(커밋/배치/lawId) 노출 ; R-G1 금액이 있으나 조문 근거 표기 없음(fake precision),출처 필드를 사례 출처로 교체하고 검증방법은 별도 필드로 분리 ; 금액마다 근거 조문·기준일 병기,P0
audit-cases:goe-2021-payment-processing-improper,/audit-cases/goe-2021-payment-processing-improper,지출업무 처리 부적정 — 100일 이상 지연·통장 불부합·자료장 과다 계약 — 감사 지적 사례와 실무 대응 방법,audit-cases,,03_보수수당,EDUCATION_OFFICE|PUBLIC_SCHOOL,UNSPECIFIED,UNVERIFIED,UPDATE,HIGH,2026-05-21,0,0,4828,R-AC1 검토출처에 내부 엔지니어링 메타데이터(커밋/배치/lawId) 노출 ; R-G1 금액이 있으나 조문 근거 표기 없음(fake precision) ; R-S1 내부링크 인바운드 0 (고아 페이지),출처 필드를 사례 출처로 교체하고 검증방법은 별도 필드로 분리 ; 금액마다 근거 조문·기준일 병기 ; 허브(토픽/카테고리)에서 링크 연결,P0
audit-cases:goe-2021-performance-bonus-mispayment,/audit-cases/goe-2021-performance-bonus-mispayment,교원·기간제교원 성과상여금 지급 부적정 — 감사 지적 사례와 실무 대응 방법,audit-cases,,03_보수수당,EDUCATION_OFFICE|PUBLIC_SCHOOL,UNSPECIFIED,UNVERIFIED,UPDATE,HIGH,2026-05-21,0,1,4519,R-AC1 검토출처에 내부 엔지니어링 메타데이터(커밋/배치/lawId) 노출,출처 필드를 사례 출처로 교체하고 검증방법은 별도 필드로 분리,P0
audit-cases:goe-2021-private-contract-2bid-violation,/audit-cases/goe-2021-private-contract-2bid-violation,수의계약 체결 부적정 — 5천만원 초과 용역 2인 견적 처리 — 감사 지적 사례와 실무 대응 방법,audit-cases,,05_계약조달,EDUCATION_OFFICE|PUBLIC_SCHOOL,BOTH,UNVERIFIED,UPDATE,HIGH,2026-05-21,0,0,1674,R-AC1 검토출처에 내부 엔지니어링 메타데이터(커밋/배치/lawId) 노출 ; R-G1 금액이 있으나 조문 근거 표기 없음(fake precision) ; R-C1 국가/지방 규정 동시 언급 + 적용 대상 미명시 ; R-I2 유사 주제 클러스터 — 통합 검토 ; R-S1 내부링크 인바운드 0 (고아 페이지),출처 필드를 사례 출처로 교체하고 검증방법은 별도 필드로 분리 ; 금액마다 근거 조문·기준일 병기 ; 적용 대상(기관유형) 명시 ; 허브(토픽/카테고리)에서 링크 연결,P0
audit-cases:goe-2021-private-contract-s2b-mismatch,/audit-cases/goe-2021-private-contract-s2b-mismatch,수의계약 체결 부적정 — S2B 1인 수의·사전결정 위탁업체 — 감사 지적 사례와 실무 대응 방법,audit-cases,,05_계약조달,EDUCATION_OFFICE|PUBLIC_SCHOOL,BOTH,UNVERIFIED,UPDATE,HIGH,2026-05-21,0,0,4646,R-AC1 검토출처에 내부 엔지니어링 메타데이터(커밋/배치/lawId) 노출 ; R-C1 국가/지방 규정 동시 언급 + 적용 대상 미명시 ; R-I2 유사 주제 클러스터 — 통합 검토 ; R-S1 내부링크 인바운드 0 (고아 페이지),출처 필드를 사례 출처로 교체하고 검증방법은 별도 필드로 분리 ; 적용 대상(기관유형) 명시 ; 허브(토픽/카테고리)에서 링크 연결,P0
audit-cases:goe-2021-public-property-occupation-violation,/audit-cases/goe-2021-public-property-occupation-violation,공유재산 관리 부적정 — 무단경작·무단점유 변상금 미부과 — 감사 지적 사례와 실무 대응 방법,audit-cases,,06_재산물품,EDUCATION_OFFICE|PUBLIC_SCHOOL,UNSPECIFIED,UNVERIFIED,UPDATE,HIGH,2026-05-21,0,1,4695,R-AC1 검토출처에 내부 엔지니어링 메타데이터(커밋/배치/lawId) 노출,출처 필드를 사례 출처로 교체하고 검증방법은 별도 필드로 분리,P0
audit-cases:goe-2021-reserve-fund-improper,/audit-cases/goe-2021-reserve-fund-improper,적립금 운용 부적정 — 적립계획 미수립·세입세출외현금 미관리 — 감사 지적 사례와 실무 대응 방법,audit-cases,,04_예산회계,EDUCATION_OFFICE|PUBLIC_SCHOOL,UNSPECIFIED,OFFICIAL_PARTIAL,UPDATE,HIGH,2026-05-19,0,0,4836,"R-AC3 실제 감사보고서 출처이나 원문 URL·페이지·처분 미기재, 내부 backlog 문구 공개 노출 ; R-G1 금액이 있으나 조문 근거 표기 없음(fake precision) ; R-S1 내부링크 인바운드 0 (고아 페이지)",original_document_url·page·disposition 채우고 backlog 문구 제거 ; 금액마다 근거 조문·기준일 병기 ; 허브(토픽/카테고리)에서 링크 연결,P0
audit-cases:goe-2021-school-facility-temp-use-permit,/audit-cases/goe-2021-school-facility-temp-use-permit,학교시설 일시사용허가 부적정 — 허가대장 미비치·증빙 누락 — 감사 지적 사례와 실무 대응 방법,audit-cases,,13_시설안전,UNSPECIFIED,UNSPECIFIED,UNVERIFIED,UPDATE,HIGH,2026-05-21,0,1,4394,R-AC1 검토출처에 내부 엔지니어링 메타데이터(커밋/배치/lawId) 노출 ; R-G1 금액이 있으나 조문 근거 표기 없음(fake precision),출처 필드를 사례 출처로 교체하고 검증방법은 별도 필드로 분리 ; 금액마다 근거 조문·기준일 병기,P0
audit-cases:goe-2021-special-duty-allowance-mispayment,/audit-cases/goe-2021-special-duty-allowance-mispayment,특수업무수당·교직가산금 지급 부적정 — 공로연수·NEIS 보직 설정 착오 — 감사 지적 사례와 실무 대응 방법,audit-cases,,02_복무,EDUCATION_OFFICE|PUBLIC_SCHOOL,UNSPECIFIED,UNVERIFIED,UPDATE,HIGH,2026-05-21,0,0,4397,R-AC1 검토출처에 내부 엔지니어링 메타데이터(커밋/배치/lawId) 노출 ; R-S1 내부링크 인바운드 0 (고아 페이지),출처 필드를 사례 출처로 교체하고 검증방법은 별도 필드로 분리 ; 허브(토픽/카테고리)에서 링크 연결,P0
audit-cases:goe-2021-specialized-construction-license,/audit-cases/goe-2021-specialized-construction-license,전문공사 면허 적용 부적정 — 무자격자 전문공사 시공 — 감사 지적 사례와 실무 대응 방법,audit-cases,,13_시설안전,EDUCATION_OFFICE|PUBLIC_SCHOOL,UNSPECIFIED,UNVERIFIED,UPDATE,HIGH,2026-05-21,0,0,4742,R-AC1 검토출처에 내부 엔지니어링 메타데이터(커밋/배치/lawId) 노출 ; R-G1 금액이 있으나 조문 근거 표기 없음(fake precision) ; R-S1 내부링크 인바운드 0 (고아 페이지),출처 필드를 사례 출처로 교체하고 검증방법은 별도 필드로 분리 ; 금액마다 근거 조문·기준일 병기 ; 허브(토픽/카테고리)에서 링크 연결,P0
audit-cases:goe-2021-split-after-school-program,/audit-cases/goe-2021-split-after-school-program,"분할 수의계약 — 방과후컴퓨터교실 8회 분할 104,350천원 — 감사 지적 사례와 실무 대응 방법",audit-cases,,99_미분류,EDUCATION_OFFICE|PUBLIC_SCHOOL,BOTH,UNVERIFIED,UPDATE,HIGH,2026-05-21,0,0,4509,R-AC1 검토출처에 내부 엔지니어링 메타데이터(커밋/배치/lawId) 노출 ; R-C1 국가/지방 규정 동시 언급 + 적용 대상 미명시 ; R-I2 유사 주제 클러스터 — 통합 검토 ; R-S1 내부링크 인바운드 0 (고아 페이지),출처 필드를 사례 출처로 교체하고 검증방법은 별도 필드로 분리 ; 적용 대상(기관유형) 명시 ; 허브(토픽/카테고리)에서 링크 연결,P0
audit-cases:goe-2021-split-care-trip-copier-paint,/audit-cases/goe-2021-split-care-trip-copier-paint,분할 수의계약 — 돌봄간식·체험학습차량·복사기·도장공사 — 감사 지적 사례와 실무 대응 방법,audit-cases,,02_복무,EDUCATION_OFFICE|PUBLIC_SCHOOL,BOTH,UNVERIFIED,UPDATE,HIGH,2026-05-21,0,0,4807,R-AC1 검토출처에 내부 엔지니어링 메타데이터(커밋/배치/lawId) 노출 ; R-C1 국가/지방 규정 동시 언급 + 적용 대상 미명시 ; R-I2 유사 주제 클러스터 — 통합 검토 ; R-S1 내부링크 인바운드 0 (고아 페이지),출처 필드를 사례 출처로 교체하고 검증방법은 별도 필드로 분리 ; 적용 대상(기관유형) 명시 ; 허브(토픽/카테고리)에서 링크 연결,P0
audit-cases:goe-2021-split-private-contracts,/audit-cases/goe-2021-split-private-contracts,분할 수의계약 — 청소·물품·시설공사 동일업체·동시기 분할 — 감사 지적 사례와 실무 대응 방법,audit-cases,,05_계약조달,EDUCATION_OFFICE|PUBLIC_SCHOOL,BOTH,UNVERIFIED,UPDATE,HIGH,2026-05-21,0,0,4797,R-AC1 검토출처에 내부 엔지니어링 메타데이터(커밋/배치/lawId) 노출 ; R-C1 국가/지방 규정 동시 언급 + 적용 대상 미명시 ; R-I2 유사 주제 클러스터 — 통합 검토 ; R-S1 내부링크 인바운드 0 (고아 페이지),출처 필드를 사례 출처로 교체하고 검증방법은 별도 필드로 분리 ; 적용 대상(기관유형) 명시 ; 허브(토픽/카테고리)에서 링크 연결,P0
audit-cases:goe-2021-supplies-joint-purchase,/audit-cases/goe-2021-supplies-joint-purchase,물품 공동(일괄)구매 부적정 — 책걸상 등 중점대상 자체 구매 — 감사 지적 사례와 실무 대응 방법,audit-cases,,99_미분류,EDUCATION_OFFICE|PUBLIC_SCHOOL,UNSPECIFIED,UNVERIFIED,UPDATE,HIGH,2026-05-21,0,16,4071,R-AC1 검토출처에 내부 엔지니어링 메타데이터(커밋/배치/lawId) 노출 ; R-G1 금액이 있으나 조문 근거 표기 없음(fake precision),출처 필드를 사례 출처로 교체하고 검증방법은 별도 필드로 분리 ; 금액마다 근거 조문·기준일 병기,P0
audit-cases:goe-2021-supplies-management-neglect,/audit-cases/goe-2021-supplies-management-neglect,물품관리 부적정 — 물품대장 미작성·재물조사 미실시 — 감사 지적 사례와 실무 대응 방법,audit-cases,,99_미분류,EDUCATION_OFFICE|PUBLIC_SCHOOL,UNSPECIFIED,UNVERIFIED,UPDATE,HIGH,2026-05-21,0,61,4396,R-AC1 검토출처에 내부 엔지니어링 메타데이터(커밋/배치/lawId) 노출,출처 필드를 사례 출처로 교체하고 검증방법은 별도 필드로 분리,P0
audit-cases:goe-2021-supplies-selection-committee,/audit-cases/goe-2021-supplies-selection-committee,물품선정위원회 운영 부적정 — 평가기준 누락·임의 변경 — 감사 지적 사례와 실무 대응 방법,audit-cases,,99_미분류,EDUCATION_OFFICE|PUBLIC_SCHOOL,UNSPECIFIED,UNVERIFIED,UPDATE,HIGH,2026-05-21,0,0,2366,R-AC1 검토출처에 내부 엔지니어링 메타데이터(커밋/배치/lawId) 노출 ; R-G1 금액이 있으나 조문 근거 표기 없음(fake precision) ; R-S1 내부링크 인바운드 0 (고아 페이지),출처 필드를 사례 출처로 교체하고 검증방법은 별도 필드로 분리 ; 금액마다 근거 조문·기준일 병기 ; 허브(토픽/카테고리)에서 링크 연결,P0
audit-cases:goe-2021-suspense-cash-embezzlement,/audit-cases/goe-2021-suspense-cash-embezzlement,"세입세출외현금 횡령 — 행정7급 4년간 1,854,985원 + 3,700,000원 무단인출 — 감사 지적 사례와",audit-cases,,04_예산회계,EDUCATION_OFFICE|PUBLIC_SCHOOL,NATIONAL,UNVERIFIED,UPDATE,HIGH,2026-05-21,0,1,4964,R-AC1 검토출처에 내부 엔지니어링 메타데이터(커밋/배치/lawId) 노출,출처 필드를 사례 출처로 교체하고 검증방법은 별도 필드로 분리,P0
audit-cases:goe-2021-suspense-cash-management,/audit-cases/goe-2021-suspense-cash-management,세입세출외현금 관리 부적정 — 이자·보험료·채권압류금 분류 혼동 — 감사 지적 사례와 실무 대응 방법,audit-cases,,04_예산회계,EDUCATION_OFFICE|PUBLIC_SCHOOL,LOCAL,OFFICIAL_PARTIAL,UPDATE,HIGH,2026-05-19,0,49,4963,"R-AC3 실제 감사보고서 출처이나 원문 URL·페이지·처분 미기재, 내부 backlog 문구 공개 노출 ; R-G1 금액이 있으나 조문 근거 표기 없음(fake precision)",original_document_url·page·disposition 채우고 backlog 문구 제거 ; 금액마다 근거 조문·기준일 병기,P0
audit-cases:goe-2021-suspension-pay-deduction,/audit-cases/goe-2021-suspension-pay-deduction,정직·휴직 보수 미감액 + 발령일 일할계산 누락 — 감사 지적 사례와 실무 대응 방법,audit-cases,,03_보수수당,UNSPECIFIED,NATIONAL,UNVERIFIED,UPDATE,HIGH,2026-05-21,0,0,1809,R-AC1 검토출처에 내부 엔지니어링 메타데이터(커밋/배치/lawId) 노출 ; R-S1 내부링크 인바운드 0 (고아 페이지),출처 필드를 사례 출처로 교체하고 검증방법은 별도 필드로 분리 ; 허브(토픽/카테고리)에서 링크 연결,P0
audit-cases:goe-2021-temporary-building-violation,/audit-cases/goe-2021-temporary-building-violation,가설건축물 사용 부적정 — 감독청 허가 없이 임시창고·분리수거장 축조 — 감사 지적 사례와 실무 대응 방법,audit-cases,,99_미분류,UNSPECIFIED,UNSPECIFIED,UNVERIFIED,UPDATE,HIGH,2026-05-21,0,0,4633,R-AC1 검토출처에 내부 엔지니어링 메타데이터(커밋/배치/lawId) 노출 ; R-S1 내부링크 인바운드 0 (고아 페이지),출처 필드를 사례 출처로 교체하고 검증방법은 별도 필드로 분리 ; 허브(토픽/카테고리)에서 링크 연결,P0
audit-cases:goe-2021-tenure-allowance-mispayment,/audit-cases/goe-2021-tenure-allowance-mispayment,정근수당 지급 부적정 — 근무기간 산정 착오·NEIS 근무연수 미입력 — 감사 지적 사례와 실무 대응 방법,audit-cases,,03_보수수당,EDUCATION_OFFICE|PUBLIC_SCHOOL,UNSPECIFIED,UNVERIFIED,UPDATE,HIGH,2026-05-21,0,63,2047,R-AC1 검토출처에 내부 엔지니어링 메타데이터(커밋/배치/lawId) 노출 ; R-G1 금액이 있으나 조문 근거 표기 없음(fake precision),출처 필드를 사례 출처로 교체하고 검증방법은 별도 필드로 분리 ; 금액마다 근거 조문·기준일 병기,P0
audit-cases:goe-2021-travel-expense-improper,/audit-cases/goe-2021-travel-expense-improper,여비 지급 부적정 — 근무지내 출장 정액 초과·증빙 미비·자체기준 적용 — 감사 지적 사례와 실무 대응 방법,audit-cases,,02_복무,EDUCATION_OFFICE|PUBLIC_SCHOOL,UNSPECIFIED,UNVERIFIED,UPDATE,HIGH,2026-05-21,0,1,2079,R-AC1 검토출처에 내부 엔지니어링 메타데이터(커밋/배치/lawId) 노출 ; R-G1 금액이 있으나 조문 근거 표기 없음(fake precision),출처 필드를 사례 출처로 교체하고 검증방법은 별도 필드로 분리 ; 금액마다 근거 조문·기준일 병기,P0
audit-cases:goe-2021-vehicle-management-failure,/audit-cases/goe-2021-vehicle-management-failure,공용차량 운영 및 관리 부적정 — 기관장 전용·운행일지 부실 — 감사 지적 사례와 실무 대응 방법,audit-cases,,99_미분류,EDUCATION_OFFICE|PUBLIC_SCHOOL,UNSPECIFIED,UNVERIFIED,UPDATE,HIGH,2026-05-21,0,0,4379,R-AC1 검토출처에 내부 엔지니어링 메타데이터(커밋/배치/lawId) 노출 ; R-S1 내부링크 인바운드 0 (고아 페이지),출처 필드를 사례 출처로 교체하고 검증방법은 별도 필드로 분리 ; 허브(토픽/카테고리)에서 링크 연결,P0
audit-cases:goe-2021-vending-machine-fee-miscalculation,/audit-cases/goe-2021-vending-machine-fee-miscalculation,행정재산(매점·자동판매기) 사용료 산정 부적정 — 감사 지적 사례와 실무 대응 방법,audit-cases,,99_미분류,EDUCATION_OFFICE|PUBLIC_SCHOOL,UNSPECIFIED,UNVERIFIED,UPDATE,HIGH,2026-05-21,0,1,2092,R-AC1 검토출처에 내부 엔지니어링 메타데이터(커밋/배치/lawId) 노출 ; R-G1 금액이 있으나 조문 근거 표기 없음(fake precision),출처 필드를 사례 출처로 교체하고 검증방법은 별도 필드로 분리 ; 금액마다 근거 조문·기준일 병기,P0
audit-cases:goods-inspection-failure,/audit-cases/goods-inspection-failure,물품 검수 부실로 수량·품질 부적합 발생 — 감사 지적 사례와 실무 대응 방법,audit-cases,,05_계약조달,UNSPECIFIED,LOCAL,SILMU_RECONSTRUCTED_CASE,UPDATE,MEDIUM,2026-06-18,0,5,4041,R-AC2 재구성 사례인데 '5단계 정합성 검증 완료' 배지가 사례 검증으로 오독됨,"provenance=SILMU_RECONSTRUCTED_CASE 라벨을 제목/상단에 명시, 배지 문구를 '법령근거 검증'으로 한정",P0
audit-cases:guideline-abolished-project-budget,/audit-cases/guideline-abolished-project-budget,행안부 지침으로 폐지된 사업에 예산 재계상 — 지침 위반 집행 — 감사 지적 사례와 실무 대응 방법,audit-cases,,04_예산회계,UNSPECIFIED,LOCAL,UNVERIFIED,UPDATE,HIGH,2026-05-19,0,1,3129,R-AC1 검토출처에 내부 엔지니어링 메타데이터(커밋/배치/lawId) 노출,출처 필드를 사례 출처로 교체하고 검증방법은 별도 필드로 분리,P0
audit-cases:guideline-excess-budget-compilation,/audit-cases/guideline-excess-budget-compilation,행안부 예산편성 운영기준 초과 편성 — 업무추진비 단가 위반 — 감사 지적 사례와 실무 대응 방법,audit-cases,,04_예산회계,UNSPECIFIED,LOCAL,UNVERIFIED,UPDATE,HIGH,2026-05-19,0,1,3153,R-AC1 검토출처에 내부 엔지니어링 메타데이터(커밋/배치/lawId) 노출,출처 필드를 사례 출처로 교체하고 검증방법은 별도 필드로 분리,P0
audit-cases:holiday-bonus-pre-retirement-payment,/audit-cases/holiday-bonus-pre-retirement-payment,명절 휴가비 지급 기준일 전 퇴직자에게 지급 — 지급 요건 미충족 — 감사 지적 사례와 실무 대응 방법,audit-cases,,03_보수수당,UNSPECIFIED,UNSPECIFIED,UNVERIFIED,UPDATE,HIGH,2026-05-19,0,1,2659,R-AC1 검토출처에 내부 엔지니어링 메타데이터(커밋/배치/lawId) 노출,출처 필드를 사례 출처로 교체하고 검증방법은 별도 필드로 분리,P0
audit-cases:improper-advance-payment,/audit-cases/improper-advance-payment,선금 지급 조건 미확인으로 인한 부당 선지급 사건 — 감사 지적 사례와 실무 대응 방법,audit-cases,,03_보수수당,UNSPECIFIED,LOCAL,SILMU_RECONSTRUCTED_CASE,UPDATE,MEDIUM,2026-06-29,0,12,4422,R-AC2 재구성 사례인데 '5단계 정합성 검증 완료' 배지가 사례 검증으로 오독됨,"provenance=SILMU_RECONSTRUCTED_CASE 라벨을 제목/상단에 명시, 배지 문구를 '법령근거 검증'으로 한정",P0
audit-cases:information-disclosure-delay,/audit-cases/information-disclosure-delay,정보공개 청구 처리기한(10일) 초과 및 비공개 사유 부적정 — 공공기관의 정보공개에 관한 법률 위반 — 감사,audit-cases,,09_정보공개,UNSPECIFIED,UNSPECIFIED,SILMU_RECONSTRUCTED_CASE,UPDATE,MEDIUM,2026-06-18,0,58,3082,R-AC2 재구성 사례인데 '5단계 정합성 검증 완료' 배지가 사례 검증으로 오독됨,"provenance=SILMU_RECONSTRUCTED_CASE 라벨을 제목/상단에 명시, 배지 문구를 '법령근거 검증'으로 한정",P0
audit-cases:inspection-by-requester,/audit-cases/inspection-by-requester,계약 요청 부서가 검사 실시 — 감사 지적 사례와 실무 대응 방법,audit-cases,,05_계약조달,UNSPECIFIED,LOCAL,SILMU_RECONSTRUCTED_CASE,UPDATE,MEDIUM,2026-06-09,0,0,2686,R-AC2 재구성 사례인데 '5단계 정합성 검증 완료' 배지가 사례 검증으로 오독됨 ; R-S1 내부링크 인바운드 0 (고아 페이지),"provenance=SILMU_RECONSTRUCTED_CASE 라벨을 제목/상단에 명시, 배지 문구를 '법령근거 검증'으로 한정 ; 허브(토픽/카테고리)에서 링크 연결",P0
audit-cases:inspection-delayed,/audit-cases/inspection-delayed,검사 지연 (14일 초과) — 감사 지적 사례와 실무 대응 방법,audit-cases,,05_계약조달,UNSPECIFIED,LOCAL,SILMU_RECONSTRUCTED_CASE,UPDATE,MEDIUM,2026-06-09,0,0,2579,R-AC2 재구성 사례인데 '5단계 정합성 검증 완료' 배지가 사례 검증으로 오독됨 ; R-S1 내부링크 인바운드 0 (고아 페이지),"provenance=SILMU_RECONSTRUCTED_CASE 라벨을 제목/상단에 명시, 배지 문구를 '법령근거 검증'으로 한정 ; 허브(토픽/카테고리)에서 링크 연결",P0
audit-cases:inspection-procedure-omission,/audit-cases/inspection-procedure-omission,검사조서 미작성으로 검사 절차 누락 — 감사 지적 사례와 실무 대응 방법,audit-cases,,05_계약조달,UNSPECIFIED,LOCAL,SILMU_RECONSTRUCTED_CASE,UPDATE,MEDIUM,2026-06-18,0,6,3806,R-AC2 재구성 사례인데 '5단계 정합성 검증 완료' 배지가 사례 검증으로 오독됨,"provenance=SILMU_RECONSTRUCTED_CASE 라벨을 제목/상단에 명시, 배지 문구를 '법령근거 검증'으로 한정",P0
audit-cases:inspector-qualification-violation,/audit-cases/inspector-qualification-violation,검사 담당자 자격 미달로 검사 부적정 — 감사 지적 사례와 실무 대응 방법,audit-cases,,99_미분류,UNSPECIFIED,LOCAL,SILMU_RECONSTRUCTED_CASE,UPDATE,MEDIUM,2026-06-18,0,6,3757,R-AC2 재구성 사례인데 '5단계 정합성 검증 완료' 배지가 사례 검증으로 오독됨,"provenance=SILMU_RECONSTRUCTED_CASE 라벨을 제목/상단에 명시, 배지 문구를 '법령근거 검증'으로 한정",P0
audit-cases:joint-contract-nominal,/audit-cases/joint-contract-nominal,공동도급 형식적 참여 (명의대여) — 감사 지적 사례와 실무 대응 방법,audit-cases,,05_계약조달,UNSPECIFIED,LOCAL,SILMU_RECONSTRUCTED_CASE,UPDATE,MEDIUM,2026-06-18,0,1,2797,R-AC2 재구성 사례인데 '5단계 정합성 검증 완료' 배지가 사례 검증으로 오독됨,"provenance=SILMU_RECONSTRUCTED_CASE 라벨을 제목/상단에 명시, 배지 문구를 '법령근거 검증'으로 한정",P0
audit-cases:late-penalty-not-imposed,/audit-cases/late-penalty-not-imposed,지체상금 미징수 — 감사 지적 사례와 실무 대응 방법,audit-cases,,99_미분류,UNSPECIFIED,LOCAL,SILMU_RECONSTRUCTED_CASE,UPDATE,MEDIUM,2026-06-09,0,0,2595,R-AC2 재구성 사례인데 '5단계 정합성 검증 완료' 배지가 사례 검증으로 오독됨 ; R-S1 내부링크 인바운드 0 (고아 페이지),"provenance=SILMU_RECONSTRUCTED_CASE 라벨을 제목/상단에 명시, 배지 문구를 '법령근거 검증'으로 한정 ; 허브(토픽/카테고리)에서 링크 연결",P0
audit-cases:late-penalty-wrong-rate,/audit-cases/late-penalty-wrong-rate,지체상금률 잘못 적용 — 감사 지적 사례와 실무 대응 방법,audit-cases,,99_미분류,UNSPECIFIED,LOCAL,SILMU_RECONSTRUCTED_CASE,UPDATE,MEDIUM,2026-06-09,0,0,2643,R-AC2 재구성 사례인데 '5단계 정합성 검증 완료' 배지가 사례 검증으로 오독됨 ; R-S1 내부링크 인바운드 0 (고아 페이지),"provenance=SILMU_RECONSTRUCTED_CASE 라벨을 제목/상단에 명시, 배지 문구를 '법령근거 검증'으로 한정 ; 허브(토픽/카테고리)에서 링크 연결",P0
audit-cases:leave-of-absence-employment-unreported,/audit-cases/leave-of-absence-employment-unreported,휴직 중 타 기관·업체 취업 미신고 — 국가공무원법 위반 — 감사 지적 사례와 실무 대응 방법,audit-cases,,02_복무,UNSPECIFIED,BOTH,SILMU_RECONSTRUCTED_CASE,UPDATE,MEDIUM,2026-06-29,0,1,2866,R-AC2 재구성 사례인데 '5단계 정합성 검증 완료' 배지가 사례 검증으로 오독됨 ; R-C1 국가/지방 규정 동시 언급 + 적용 대상 미명시,"provenance=SILMU_RECONSTRUCTED_CASE 라벨을 제목/상단에 명시, 배지 문구를 '법령근거 검증'으로 한정 ; 적용 대상(기관유형) 명시",P0
audit-cases:local-bond-excess-issuance,/audit-cases/local-bond-excess-issuance,지방채 발행 한도 초과 — 행안부 승인 없이 채권 발행 — 감사 지적 사례와 실무 대응 방법,audit-cases,,99_미분류,UNSPECIFIED,LOCAL,UNVERIFIED,UPDATE,HIGH,2026-05-19,0,1,2061,R-AC1 검토출처에 내부 엔지니어링 메타데이터(커밋/배치/lawId) 노출,출처 필드를 사례 출처로 교체하고 검증방법은 별도 필드로 분리,P0
audit-cases:long-term-contract-annual-omission,/audit-cases/long-term-contract-annual-omission,장기계속계약 연차별 계약 미체결 후 전체 이행 강요 — 감사 지적 사례와 실무 대응 방법,audit-cases,,05_계약조달,UNSPECIFIED,LOCAL,SILMU_RECONSTRUCTED_CASE,UPDATE,MEDIUM,2026-06-18,0,1,3541,R-AC2 재구성 사례인데 '5단계 정합성 검증 완료' 배지가 사례 검증으로 오독됨,"provenance=SILMU_RECONSTRUCTED_CASE 라벨을 제목/상단에 명시, 배지 문구를 '법령근거 검증'으로 한정",P0
audit-cases:lowest-bid-rate-violation-award,/audit-cases/lowest-bid-rate-violation-award,낙찰하한율 미달 업체에 낙찰 처리한 부적정 입찰 — 감사 지적 사례와 실무 대응 방법,audit-cases,,05_계약조달,UNSPECIFIED,LOCAL,SILMU_RECONSTRUCTED_CASE,UPDATE,MEDIUM,2026-06-29,0,24,3517,R-AC2 재구성 사례인데 '5단계 정합성 검증 완료' 배지가 사례 검증으로 오독됨,"provenance=SILMU_RECONSTRUCTED_CASE 라벨을 제목/상단에 명시, 배지 문구를 '법령근거 검증'으로 한정",P0
audit-cases:multiple-price-manipulation,/audit-cases/multiple-price-manipulation,복수예비가격 추첨 조작으로 특정 업체 낙찰 유도 — 감사 지적 사례와 실무 대응 방법,audit-cases,,05_계약조달,UNSPECIFIED,LOCAL,SILMU_RECONSTRUCTED_CASE,UPDATE,MEDIUM,2026-06-18,0,1,3738,R-AC2 재구성 사례인데 '5단계 정합성 검증 완료' 배지가 사례 검증으로 오독됨,"provenance=SILMU_RECONSTRUCTED_CASE 라벨을 제목/상단에 명시, 배지 문구를 '법령근거 검증'으로 한정",P0
audit-cases:national-subsidy-purpose-misuse,/audit-cases/national-subsidy-purpose-misuse,국고보조금 목적 외 사용으로 전액 환수 처분 — 감사 지적 사례와 실무 대응 방법,audit-cases,,07_보조금위탁,UNSPECIFIED,UNSPECIFIED,UNVERIFIED,UPDATE,HIGH,2026-05-19,0,2,2215,R-AC1 검토출처에 내부 엔지니어링 메타데이터(커밋/배치/lawId) 노출,출처 필드를 사례 출처로 교체하고 검증방법은 별도 필드로 분리,P0
audit-cases:non-budgetary-funds-violation,/audit-cases/non-budgetary-funds-violation,세입세출외현금 미처리로 인한 회계 투명성 저해 — 감사 지적 사례와 실무 대응 방법,audit-cases,,04_예산회계,UNSPECIFIED,LOCAL,UNVERIFIED,UPDATE,HIGH,2026-05-19,0,1,4068,R-AC1 검토출처에 내부 엔지니어링 메타데이터(커밋/배치/lawId) 노출,출처 필드를 사례 출처로 교체하고 검증방법은 별도 필드로 분리,P0
audit-cases:official-leave-false-reason,/audit-cases/official-leave-false-reason,공가 처리 요건 미해당 사유로 허위 공가 사용 — 복무규정 위반 — 감사 지적 사례와 실무 대응 방법,audit-cases,,02_복무,UNSPECIFIED,BOTH,SILMU_RECONSTRUCTED_CASE,UPDATE,MEDIUM,2026-06-18,0,3,2876,R-AC2 재구성 사례인데 '5단계 정합성 검증 완료' 배지가 사례 검증으로 오독됨 ; R-C1 국가/지방 규정 동시 언급 + 적용 대상 미명시,"provenance=SILMU_RECONSTRUCTED_CASE 라벨을 제목/상단에 명시, 배지 문구를 '법령근거 검증'으로 한정 ; 적용 대상(기관유형) 명시",P0
audit-cases:overpayment-not-recovered,/audit-cases/overpayment-not-recovered,과다 지급 대금 미환수 — 감사 지적 사례와 실무 대응 방법,audit-cases,,03_보수수당,UNSPECIFIED,LOCAL,SILMU_RECONSTRUCTED_CASE,UPDATE,MEDIUM,2026-06-09,0,12,2515,R-AC2 재구성 사례인데 '5단계 정합성 검증 완료' 배지가 사례 검증으로 오독됨,"provenance=SILMU_RECONSTRUCTED_CASE 라벨을 제목/상단에 명시, 배지 문구를 '법령근거 검증'으로 한정",P0
audit-cases:parental-leave-benefit-double-receipt,/audit-cases/parental-leave-benefit-double-receipt,육아휴직 급여 복직 후에도 계속 수령 — 남녀고용평등법 위반 — 감사 지적 사례와 실무 대응 방법,audit-cases,,02_복무,LOCAL_GOVERNMENT,BOTH,SILMU_RECONSTRUCTED_CASE,UPDATE,MEDIUM,2026-06-29,0,6,2908,R-AC2 재구성 사례인데 '5단계 정합성 검증 완료' 배지가 사례 검증으로 오독됨 ; R-C1 국가/지방 규정 동시 언급 + 적용 대상 미명시,"provenance=SILMU_RECONSTRUCTED_CASE 라벨을 제목/상단에 명시, 배지 문구를 '법령근거 검증'으로 한정 ; 적용 대상(기관유형) 명시",P0
audit-cases:payment-advance-misuse,/audit-cases/payment-advance-misuse,선금 사용 용도 위반 — 감사 지적 사례와 실무 대응 방법,audit-cases,,03_보수수당,UNSPECIFIED,LOCAL,SILMU_RECONSTRUCTED_CASE,UPDATE,MEDIUM,2026-06-29,0,1,2842,R-AC2 재구성 사례인데 '5단계 정합성 검증 완료' 배지가 사례 검증으로 오독됨,"provenance=SILMU_RECONSTRUCTED_CASE 라벨을 제목/상단에 명시, 배지 문구를 '법령근거 검증'으로 한정",P0
audit-cases:payment-before-inspection,/audit-cases/payment-before-inspection,검사 완료 전 대금 지급 — 감사 지적 사례와 실무 대응 방법,audit-cases,,03_보수수당,UNSPECIFIED,LOCAL,SILMU_RECONSTRUCTED_CASE,UPDATE,MEDIUM,2026-06-09,0,0,2731,R-AC2 재구성 사례인데 '5단계 정합성 검증 완료' 배지가 사례 검증으로 오독됨 ; R-S1 내부링크 인바운드 0 (고아 페이지),"provenance=SILMU_RECONSTRUCTED_CASE 라벨을 제목/상단에 명시, 배지 문구를 '법령근거 검증'으로 한정 ; 허브(토픽/카테고리)에서 링크 연결",P0
audit-cases:payment-delay-no-interest,/audit-cases/payment-delay-no-interest,대금 지급 지연 후 지연이자 미지급 — 감사 지적 사례와 실무 대응 방법,audit-cases,,03_보수수당,UNSPECIFIED,LOCAL,SILMU_RECONSTRUCTED_CASE,UPDATE,MEDIUM,2026-06-09,0,1,2794,R-AC2 재구성 사례인데 '5단계 정합성 검증 완료' 배지가 사례 검증으로 오독됨,"provenance=SILMU_RECONSTRUCTED_CASE 라벨을 제목/상단에 명시, 배지 문구를 '법령근거 검증'으로 한정",P0
audit-cases:payment-no-deduction-penalty,/audit-cases/payment-no-deduction-penalty,지체상금 미공제 대금 지급 — 감사 지적 사례와 실무 대응 방법,audit-cases,,03_보수수당,UNSPECIFIED,LOCAL,SILMU_RECONSTRUCTED_CASE,UPDATE,MEDIUM,2026-06-09,0,10,2405,R-AC2 재구성 사례인데 '5단계 정합성 검증 완료' 배지가 사례 검증으로 오독됨,"provenance=SILMU_RECONSTRUCTED_CASE 라벨을 제목/상단에 명시, 배지 문구를 '법령근거 검증'으로 한정",P0
audit-cases:payment-without-completion,/audit-cases/payment-without-completion,준공 미완료 대금 전액 지급 — 감사 지적 사례와 실무 대응 방법,audit-cases,,03_보수수당,UNSPECIFIED,LOCAL,SILMU_RECONSTRUCTED_CASE,UPDATE,MEDIUM,2026-06-09,0,1,2575,R-AC2 재구성 사례인데 '5단계 정합성 검증 완료' 배지가 사례 검증으로 오독됨,"provenance=SILMU_RECONSTRUCTED_CASE 라벨을 제목/상단에 명시, 배지 문구를 '법령근거 검증'으로 한정",P0
audit-cases:penalty-reduction-unauthorized,/audit-cases/penalty-reduction-unauthorized,지연배상금 임의 면제(권한 없는 감면) 사건 — 감사 지적 사례와 실무 대응 방법,audit-cases,,99_미분류,UNSPECIFIED,LOCAL,SILMU_RECONSTRUCTED_CASE,UPDATE,MEDIUM,2026-06-18,0,1,4905,R-AC2 재구성 사례인데 '5단계 정합성 검증 완료' 배지가 사례 검증으로 오독됨,"provenance=SILMU_RECONSTRUCTED_CASE 라벨을 제목/상단에 명시, 배지 문구를 '법령근거 검증'으로 한정",P0
audit-cases:performance-bonus-score-manipulation,/audit-cases/performance-bonus-score-manipulation,성과상여금 S등급 부적정 배정 — 평가 점수 상향 조작 — 감사 지적 사례와 실무 대응 방법,audit-cases,,03_보수수당,UNSPECIFIED,BOTH,UNVERIFIED,UPDATE,HIGH,2026-05-19,0,1,2940,R-AC1 검토출처에 내부 엔지니어링 메타데이터(커밋/배치/lawId) 노출 ; R-C1 국가/지방 규정 동시 언급 + 적용 대상 미명시,출처 필드를 사례 출처로 교체하고 검증방법은 별도 필드로 분리 ; 적용 대상(기관유형) 명시,P0
audit-cases:performance-guarantee-waiver-loss,/audit-cases/performance-guarantee-waiver-loss,이행보증금 면제 요건 미충족 업체에 무단 면제 후 재정 손실 사건 — 감사 지적 사례와 실무 대응 방법,audit-cases,,99_미분류,UNSPECIFIED,LOCAL,SILMU_RECONSTRUCTED_CASE,UPDATE,MEDIUM,2026-06-18,0,21,4421,R-AC2 재구성 사례인데 '5단계 정합성 검증 완료' 배지가 사례 검증으로 오독됨,"provenance=SILMU_RECONSTRUCTED_CASE 라벨을 제목/상단에 명시, 배지 문구를 '법령근거 검증'으로 한정",P0
audit-cases:price-escalation-below-threshold,/audit-cases/price-escalation-below-threshold,물가변동 조정 요건 미충족 조정 — 감사 지적 사례와 실무 대응 방법,audit-cases,,05_계약조달,EDUCATION_OFFICE|PUBLIC_SCHOOL,LOCAL,SILMU_RECONSTRUCTED_CASE,UPDATE,MEDIUM,2026-06-18,0,5,2460,R-AC2 재구성 사례인데 '5단계 정합성 검증 완료' 배지가 사례 검증으로 오독됨,"provenance=SILMU_RECONSTRUCTED_CASE 라벨을 제목/상단에 명시, 배지 문구를 '법령근거 검증'으로 한정",P0
audit-cases:private-contract-no-quote,/audit-cases/private-contract-no-quote,2인 견적 미징구 수의계약 — 감사 지적 사례와 실무 대응 방법,audit-cases,,05_계약조달,UNSPECIFIED,LOCAL,SILMU_RECONSTRUCTED_CASE,UPDATE,MEDIUM,2026-06-09,0,1,2620,R-AC2 재구성 사례인데 '5단계 정합성 검증 완료' 배지가 사례 검증으로 오독됨,"provenance=SILMU_RECONSTRUCTED_CASE 라벨을 제목/상단에 명시, 배지 문구를 '법령근거 검증'으로 한정",P0
audit-cases:private-contract-no-reason,/audit-cases/private-contract-no-reason,수의계약 사유서 미작성 — 감사 지적 사례와 실무 대응 방법,audit-cases,,05_계약조달,LOCAL_GOVERNMENT,LOCAL,SILMU_RECONSTRUCTED_CASE,UPDATE,MEDIUM,2026-06-09,0,29,2451,R-AC2 재구성 사례인데 '5단계 정합성 검증 완료' 배지가 사례 검증으로 오독됨,"provenance=SILMU_RECONSTRUCTED_CASE 라벨을 제목/상단에 명시, 배지 문구를 '법령근거 검증'으로 한정",P0
audit-cases:private-contract-over-limit,/audit-cases/private-contract-over-limit,수의계약 한도액 초과 계약 체결 — 감사 지적 사례와 실무 대응 방법,audit-cases,,05_계약조달,UNSPECIFIED,LOCAL,SILMU_RECONSTRUCTED_CASE,UPDATE,MEDIUM,2026-06-09,0,1,2747,R-AC2 재구성 사례인데 '5단계 정합성 검증 완료' 배지가 사례 검증으로 오독됨,"provenance=SILMU_RECONSTRUCTED_CASE 라벨을 제목/상단에 명시, 배지 문구를 '법령근거 검증'으로 한정",P0
audit-cases:private-contract-price-no-negotiation,/audit-cases/private-contract-price-no-negotiation,수의시담(가격 협상) 미실시 — 감사 지적 사례와 실무 대응 방법,audit-cases,,05_계약조달,UNSPECIFIED,LOCAL,SILMU_RECONSTRUCTED_CASE,UPDATE,MEDIUM,2026-06-18,0,1,2387,R-AC2 재구성 사례인데 '5단계 정합성 검증 완료' 배지가 사례 검증으로 오독됨,"provenance=SILMU_RECONSTRUCTED_CASE 라벨을 제목/상단에 명시, 배지 문구를 '법령근거 검증'으로 한정",P0
audit-cases:private-contract-purpose-mismatch,/audit-cases/private-contract-purpose-mismatch,수의계약 사유와 실제 계약 내용 불일치 — 감사 지적 사례와 실무 대응 방법,audit-cases,,05_계약조달,UNSPECIFIED,LOCAL,SILMU_RECONSTRUCTED_CASE,UPDATE,MEDIUM,2026-06-09,0,5,2603,R-AC2 재구성 사례인데 '5단계 정합성 검증 완료' 배지가 사례 검증으로 오독됨,"provenance=SILMU_RECONSTRUCTED_CASE 라벨을 제목/상단에 명시, 배지 문구를 '법령근거 검증'으로 한정",P0
audit-cases:private-contract-same-vendor,/audit-cases/private-contract-same-vendor,특정 업체 반복 수의계약 — 감사 지적 사례와 실무 대응 방법,audit-cases,,05_계약조달,UNSPECIFIED,LOCAL,SILMU_RECONSTRUCTED_CASE,UPDATE,MEDIUM,2026-06-09,0,1,2604,R-AC2 재구성 사례인데 '5단계 정합성 검증 완료' 배지가 사례 검증으로 오독됨,"provenance=SILMU_RECONSTRUCTED_CASE 라벨을 제목/상단에 명시, 배지 문구를 '법령근거 검증'으로 한정",P0
audit-cases:private-contract-split,/audit-cases/private-contract-split,수의계약 분할 발주 (계약 쪼개기) — 감사 지적 사례와 실무 대응 방법,audit-cases,,05_계약조달,UNSPECIFIED,LOCAL,SILMU_RECONSTRUCTED_CASE,UPDATE,MEDIUM,2026-06-09,0,1,2753,R-AC2 재구성 사례인데 '5단계 정합성 검증 완료' 배지가 사례 검증으로 오독됨,"provenance=SILMU_RECONSTRUCTED_CASE 라벨을 제목/상단에 명시, 배지 문구를 '법령근거 검증'으로 한정",P0
audit-cases:private-contract-split-over-limit,/audit-cases/private-contract-split-over-limit,수의계약 한도 회피를 위한 계약 분할 체결 사건 (계약 쪼개기) — 감사 지적 사례와 실무 대응 방법,audit-cases,,05_계약조달,EDUCATION_OFFICE|PUBLIC_SCHOOL,LOCAL,SILMU_RECONSTRUCTED_CASE,UPDATE,MEDIUM,2026-06-18,0,1,4601,R-AC2 재구성 사례인데 '5단계 정합성 검증 완료' 배지가 사례 검증으로 오독됨,"provenance=SILMU_RECONSTRUCTED_CASE 라벨을 제목/상단에 명시, 배지 문구를 '법령근거 검증'으로 한정",P0
audit-cases:progress-payment-over-claimed,/audit-cases/progress-payment-over-claimed,기성금 과다 청구 미확인 — 감사 지적 사례와 실무 대응 방법,audit-cases,,03_보수수당,UNSPECIFIED,LOCAL,SILMU_RECONSTRUCTED_CASE,UPDATE,MEDIUM,2026-06-09,0,19,2347,R-AC2 재구성 사례인데 '5단계 정합성 검증 완료' 배지가 사례 검증으로 오독됨,"provenance=SILMU_RECONSTRUCTED_CASE 라벨을 제목/상단에 명시, 배지 문구를 '법령근거 검증'으로 한정",P0
audit-cases:property-disposal-no-appraisal,/audit-cases/property-disposal-no-appraisal,공유재산 처분 시 감정평가 미실시 — 감사 지적 사례와 실무 대응 방법,audit-cases,,06_재산물품,UNSPECIFIED,UNSPECIFIED,SILMU_RECONSTRUCTED_CASE,UPDATE,MEDIUM,2026-06-29,0,1,2557,R-AC2 재구성 사례인데 '5단계 정합성 검증 완료' 배지가 사례 검증으로 오독됨,"provenance=SILMU_RECONSTRUCTED_CASE 라벨을 제목/상단에 명시, 배지 문구를 '법령근거 검증'으로 한정",P0
audit-cases:public-procurement-mandatory-bid-bypassed,/audit-cases/public-procurement-mandatory-bid-bypassed,경쟁입찰 의무 대상 사업 수의계약 처리 및 예산 낭비 사건 — 감사 지적 사례와 실무 대응 방법,audit-cases,,05_계약조달,UNSPECIFIED,LOCAL,SILMU_RECONSTRUCTED_CASE,UPDATE,MEDIUM,2026-06-18,0,1,4236,R-AC2 재구성 사례인데 '5단계 정합성 검증 완료' 배지가 사례 검증으로 오독됨,"provenance=SILMU_RECONSTRUCTED_CASE 라벨을 제목/상단에 명시, 배지 문구를 '법령근거 검증'으로 한정",P0
audit-cases:qualification-failure-wrong-award,/audit-cases/qualification-failure-wrong-award,적격심사 탈락 업체에 낙찰 통보 및 계약 체결 사건 — 감사 지적 사례와 실무 대응 방법,audit-cases,,99_미분류,UNSPECIFIED,LOCAL,SILMU_RECONSTRUCTED_CASE,UPDATE,MEDIUM,2026-06-18,0,1,4403,R-AC2 재구성 사례인데 '5단계 정합성 검증 완료' 배지가 사례 검증으로 오독됨,"provenance=SILMU_RECONSTRUCTED_CASE 라벨을 제목/상단에 명시, 배지 문구를 '법령근거 검증'으로 한정",P0
audit-cases:reserve-fund-violation,/audit-cases/reserve-fund-violation,예비비 사용 요건 위반으로 재정운영 부적정 — 감사 지적 사례와 실무 대응 방법,audit-cases,,04_예산회계,UNSPECIFIED,LOCAL,UNVERIFIED,UPDATE,HIGH,2026-05-19,0,1,3502,R-AC1 검토출처에 내부 엔지니어링 메타데이터(커밋/배치/lawId) 노출,출처 필드를 사례 출처로 교체하고 검증방법은 별도 필드로 분리,P0
audit-cases:retirement-allowance-service-period-error,/audit-cases/retirement-allowance-service-period-error,공무원 퇴직수당 산정 시 재직기간 오산정 — 병역 기간 중복 산입으로 과다 지급 — 감사 지적 사례와 실무 대응,audit-cases,,03_보수수당,UNSPECIFIED,UNSPECIFIED,UNVERIFIED,UPDATE,HIGH,2026-05-19,0,2,3032,R-AC1 검토출처에 내부 엔지니어링 메타데이터(커밋/배치/lawId) 노출,출처 필드를 사례 출처로 교체하고 검증방법은 별도 필드로 분리,P0
audit-cases:revenue-collection-delay,/audit-cases/revenue-collection-delay,세입징수 지연 (체납 방치) — 감사 지적 사례와 실무 대응 방법,audit-cases,,99_미분류,UNSPECIFIED,LOCAL,SILMU_RECONSTRUCTED_CASE,UPDATE,MEDIUM,2026-06-29,0,0,2670,R-AC2 재구성 사례인데 '5단계 정합성 검증 완료' 배지가 사례 검증으로 오독됨 ; R-S1 내부링크 인바운드 0 (고아 페이지),"provenance=SILMU_RECONSTRUCTED_CASE 라벨을 제목/상단에 명시, 배지 문구를 '법령근거 검증'으로 한정 ; 허브(토픽/카테고리)에서 링크 연결",P0
audit-cases:safety-violation-construction,/audit-cases/safety-violation-construction,공사현장 안전관리 미흡 — 감사 지적 사례와 실무 대응 방법,audit-cases,,13_시설안전,UNSPECIFIED,UNSPECIFIED,SILMU_RECONSTRUCTED_CASE,UPDATE,MEDIUM,2026-06-29,0,18,2345,R-AC2 재구성 사례인데 '5단계 정합성 검증 완료' 배지가 사례 검증으로 오독됨,"provenance=SILMU_RECONSTRUCTED_CASE 라벨을 제목/상단에 명시, 배지 문구를 '법령근거 검증'으로 한정",P0
audit-cases:school-budget-without-committee-review,/audit-cases/school-budget-without-committee-review,학교운영위원회 심의 없이 학교회계 예산 확정 — 초중등교육법 위반 — 감사 지적 사례와 실무 대응 방법,audit-cases,,04_예산회계,EDUCATION_OFFICE|PUBLIC_SCHOOL,UNSPECIFIED,UNVERIFIED,UPDATE,HIGH,2026-05-19,0,1,3480,R-AC1 검토출처에 내부 엔지니어링 메타데이터(커밋/배치/lawId) 노출,출처 필드를 사례 출처로 교체하고 검증방법은 별도 필드로 분리,P0
audit-cases:secondment-return-delay,/audit-cases/secondment-return-delay,파견 기간 종료 후 원소속 복귀 지연 — 파견 연장 규정 미준수 — 감사 지적 사례와 실무 대응 방법,audit-cases,,99_미분류,UNSPECIFIED,BOTH,SILMU_RECONSTRUCTED_CASE,UPDATE,MEDIUM,2026-06-29,0,1,2829,R-AC2 재구성 사례인데 '5단계 정합성 검증 완료' 배지가 사례 검증으로 오독됨 ; R-C1 국가/지방 규정 동시 언급 + 적용 대상 미명시,"provenance=SILMU_RECONSTRUCTED_CASE 라벨을 제목/상단에 명시, 배지 문구를 '법령근거 검증'으로 한정 ; 적용 대상(기관유형) 명시",P0
audit-cases:sen-2024-school-s-academic-eval-violation,/audit-cases/sen-2024-school-s-academic-eval-violation,학업성적관리지침 이행 부적정 — 정기고사 평가계획 심의·채점 누락 — 감사 지적 사례와 실무 대응 방법,audit-cases,,99_미분류,EDUCATION_OFFICE|PUBLIC_SCHOOL,UNSPECIFIED,UNVERIFIED,UPDATE,HIGH,2026-05-21,0,0,5143,R-AC1 검토출처에 내부 엔지니어링 메타데이터(커밋/배치/lawId) 노출 ; R-S1 내부링크 인바운드 0 (고아 페이지),출처 필드를 사례 출처로 교체하고 검증방법은 별도 필드로 분리 ; 허브(토픽/카테고리)에서 링크 연결,P0
audit-cases:sen-2024-school-s-construction-contract-violation,/audit-cases/sen-2024-school-s-construction-contract-violation,시설공사 계약방법 및 도급자 선정 부적정 — G2B 미사용·면허 부적정 — 감사 지적 사례와 실무 대응 방법,audit-cases,,05_계약조달,EDUCATION_OFFICE|PUBLIC_SCHOOL,NATIONAL,UNVERIFIED,UPDATE,HIGH,2026-05-21,0,0,2271,R-AC1 검토출처에 내부 엔지니어링 메타데이터(커밋/배치/lawId) 노출 ; R-S1 내부링크 인바운드 0 (고아 페이지),출처 필드를 사례 출처로 교체하고 검증방법은 별도 필드로 분리 ; 허브(토픽/카테고리)에서 링크 연결,P0
audit-cases:sen-2024-school-s-school-record-correction,/audit-cases/sen-2024-school-s-school-record-correction,학교생활기록부 정정대장 증빙자료 관리 부적정 — 184건 증빙 미보관 — 감사 지적 사례와 실무 대응 방법,audit-cases,,10_개인정보기록물,EDUCATION_OFFICE|PUBLIC_SCHOOL,UNSPECIFIED,UNVERIFIED,UPDATE,HIGH,2026-05-21,0,0,4535,R-AC1 검토출처에 내부 엔지니어링 메타데이터(커밋/배치/lawId) 노출 ; R-S1 내부링크 인바운드 0 (고아 페이지),출처 필드를 사례 출처로 교체하고 검증방법은 별도 필드로 분리 ; 허브(토픽/카테고리)에서 링크 연결,P0
audit-cases:sen-2024-school-s-temp-building-unauthorized,/audit-cases/sen-2024-school-s-temp-building-unauthorized,건축행정 절차 이행 부적정 — 가설건축물 14개 동 무신고 사용 — 감사 지적 사례와 실무 대응 방법,audit-cases,,99_미분류,EDUCATION_OFFICE|PUBLIC_SCHOOL,UNSPECIFIED,UNVERIFIED,UPDATE,HIGH,2026-05-21,0,0,4904,R-AC1 검토출처에 내부 엔지니어링 메타데이터(커밋/배치/lawId) 노출 ; R-S1 내부링크 인바운드 0 (고아 페이지),출처 필드를 사례 출처로 교체하고 검증방법은 별도 필드로 분리 ; 허브(토픽/카테고리)에서 링크 연결,P0
audit-cases:sen-2025-foundation-y-audit-omission,/audit-cases/sen-2025-foundation-y-audit-omission,학교법인 감사 미실시 — 회계관계직원 6차례 변경에도 연 1회 감사 미실시 — 감사 지적 사례와 실무 대응 방법,audit-cases,,11_감사청렴,EDUCATION_OFFICE|PUBLIC_SCHOOL,UNSPECIFIED,UNVERIFIED,UPDATE,HIGH,2026-05-21,0,0,1840,R-AC1 검토출처에 내부 엔지니어링 메타데이터(커밋/배치/lawId) 노출 ; R-S1 내부링크 인바운드 0 (고아 페이지),출처 필드를 사례 출처로 교체하고 검증방법은 별도 필드로 분리 ; 허브(토픽/카테고리)에서 링크 연결,P0
audit-cases:sen-2025-school-c-development-fund-misuse,/audit-cases/sen-2025-school-c-development-fund-misuse,학교발전기금 집행 부적정 — AI 선도학교 기부금 5천만 중 210만 업무추진비 전용 — 감사 지적 사례와 실무,audit-cases,,04_예산회계,EDUCATION_OFFICE|PUBLIC_SCHOOL,UNSPECIFIED,UNVERIFIED,UPDATE,HIGH,2026-05-21,0,3,2197,R-AC1 검토출처에 내부 엔지니어링 메타데이터(커밋/배치/lawId) 노출,출처 필드를 사례 출처로 교체하고 검증방법은 별도 필드로 분리,P0
audit-cases:sen-2025-school-c-electrical-separate-order,/audit-cases/sen-2025-school-c-electrical-separate-order,전기공사 분리발주 소홀 — 도서관 환경개선 건축공사에 전기공사 통합 발주 — 감사 지적 사례와 실무 대응 방법,audit-cases,,99_미분류,EDUCATION_OFFICE|PUBLIC_SCHOOL,UNSPECIFIED,UNVERIFIED,UPDATE,HIGH,2026-05-21,0,1,2031,R-AC1 검토출처에 내부 엔지니어링 메타데이터(커밋/배치/lawId) 노출,출처 필드를 사례 출처로 교체하고 검증방법은 별도 필드로 분리,P0
audit-cases:sen-2025-school-c-facility-design-document,/audit-cases/sen-2025-school-c-facility-design-document,시설공사 설계도서 작성 및 계약업무 집행 소홀 — 4건 무설계도서·견적서 '1식' 기재 — 감사 지적 사례와,audit-cases,,13_시설안전,EDUCATION_OFFICE|PUBLIC_SCHOOL,NATIONAL,UNVERIFIED,UPDATE,HIGH,2026-05-21,0,58,2301,R-AC1 검토출처에 내부 엔지니어링 메타데이터(커밋/배치/lawId) 노출,출처 필드를 사례 출처로 교체하고 검증방법은 별도 필드로 분리,P0
audit-cases:sen-2025-school-c-long-term-contract-violation,/audit-cases/sen-2025-school-c-long-term-contract-violation,용역계약 체결 부적정 — 청소·유인경비 장기계속계약 대상 외 2년 입찰 — 감사 지적 사례와 실무 대응 방법,audit-cases,,05_계약조달,EDUCATION_OFFICE|PUBLIC_SCHOOL,NATIONAL,UNVERIFIED,UPDATE,HIGH,2026-05-21,0,51,2061,R-AC1 검토출처에 내부 엔지니어링 메타데이터(커밋/배치/lawId) 노출,출처 필드를 사례 출처로 교체하고 검증방법은 별도 필드로 분리,P0
audit-cases:sen-2025-school-c-school-council-composition,/audit-cases/sen-2025-school-c-school-council-composition,학교운영위원회 구성 및 운영 부적정 — 지역위원 미선출 상태로 정기회 개최 — 감사 지적 사례와 실무 대응 방법,audit-cases,,99_미분류,EDUCATION_OFFICE|PUBLIC_SCHOOL,UNSPECIFIED,UNVERIFIED,UPDATE,HIGH,2026-05-21,0,1,2045,R-AC1 검토출처에 내부 엔지니어링 메타데이터(커밋/배치/lawId) 노출,출처 필드를 사례 출처로 교체하고 검증방법은 별도 필드로 분리,P0
audit-cases:sen-2025-school-d-sick-leave-certificate,/audit-cases/sen-2025-school-d-sick-leave-certificate,교원 복무(병가) 관리 소홀 — 연 6일 초과 병가 진단서 미첨부 22건 — 감사 지적 사례와 실무 대응 방법,audit-cases,,02_복무,EDUCATION_OFFICE|PUBLIC_SCHOOL,NATIONAL,UNVERIFIED,UPDATE,HIGH,2026-05-21,0,1,4729,R-AC1 검토출처에 내부 엔지니어링 메타데이터(커밋/배치/lawId) 노출,출처 필드를 사례 출처로 교체하고 검증방법은 별도 필드로 분리,P0
audit-cases:sen-2025-school-d-split-private-contract,/audit-cases/sen-2025-school-d-split-private-contract,용역계약 업무처리 부적정(분할수의계약) — 건축설계 2건 시기적 분할 — 감사 지적 사례와 실무 대응 방법,audit-cases,,05_계약조달,EDUCATION_OFFICE|PUBLIC_SCHOOL,NATIONAL,UNVERIFIED,UPDATE,HIGH,2026-05-21,0,4,2361,R-AC1 검토출처에 내부 엔지니어링 메타데이터(커밋/배치/lawId) 노출 ; R-I2 유사 주제 클러스터 — 통합 검토,출처 필드를 사례 출처로 교체하고 검증방법은 별도 필드로 분리,P0
audit-cases:sen-2025-school-i-split-private-disability,/audit-cases/sen-2025-school-i-split-private-disability,용역계약 업무처리 부적정(분할수의계약) — 장애인기업 5천만 초과 단일사업 분할 — 감사 지적 사례와 실무 대응,audit-cases,,99_미분류,EDUCATION_OFFICE|PUBLIC_SCHOOL,NATIONAL,UNVERIFIED,UPDATE,HIGH,2026-05-21,0,44,2213,R-AC1 검토출처에 내부 엔지니어링 메타데이터(커밋/배치/lawId) 노출 ; R-I2 유사 주제 클러스터 — 통합 검토,출처 필드를 사례 출처로 교체하고 검증방법은 별도 필드로 분리,P0
audit-cases:sen-2025-school-i-temp-teacher-screening,/audit-cases/sen-2025-school-i-temp-teacher-screening,기간제교원 채용 업무처리 부적정 — 연장 9명 성범죄·아동학대 전력 미조회 — 감사 지적 사례와 실무 대응 방법,audit-cases,,99_미분류,EDUCATION_OFFICE|PUBLIC_SCHOOL,UNSPECIFIED,UNVERIFIED,UPDATE,HIGH,2026-05-21,0,0,2172,R-AC1 검토출처에 내부 엔지니어링 메타데이터(커밋/배치/lawId) 노출 ; R-S1 내부링크 인바운드 0 (고아 페이지),출처 필드를 사례 출처로 교체하고 검증방법은 별도 필드로 분리 ; 허브(토픽/카테고리)에서 링크 연결,P0
audit-cases:sen-2025-school-s-disaster-prevention,/audit-cases/sen-2025-school-s-disaster-prevention,건설공사 재해예방 기술지도 집행 소홀 — 공사기간 연장 시 추가 계약 누락 — 감사 지적 사례와 실무 대응 방법,audit-cases,,99_미분류,EDUCATION_OFFICE|PUBLIC_SCHOOL,UNSPECIFIED,UNVERIFIED,UPDATE,HIGH,2026-05-21,0,2,2178,R-AC1 검토출처에 내부 엔지니어링 메타데이터(커밋/배치/lawId) 노출,출처 필드를 사례 출처로 교체하고 검증방법은 별도 필드로 분리,P0
audit-cases:sen-2025-school-s-service-contract-violation,/audit-cases/sen-2025-school-s-service-contract-violation,용역계약 업무처리 부적정 — 1억 초과 1인 수의계약 + 계약서 미작성 — 감사 지적 사례와 실무 대응 방법,audit-cases,,05_계약조달,EDUCATION_OFFICE|PUBLIC_SCHOOL,NATIONAL,UNVERIFIED,UPDATE,HIGH,2026-05-21,0,0,1929,R-AC1 검토출처에 내부 엔지니어링 메타데이터(커밋/배치/lawId) 노출 ; R-S1 내부링크 인바운드 0 (고아 페이지),출처 필드를 사례 출처로 교체하고 검증방법은 별도 필드로 분리 ; 허브(토픽/카테고리)에서 링크 연결,P0
audit-cases:sen-2025-school-s-special-leave-evidence,/audit-cases/sen-2025-school-s-special-leave-evidence,교직원 복무(특별휴가) 관리 소홀 — 가족돌봄휴가 증빙 미확인 136건 — 감사 지적 사례와 실무 대응 방법,audit-cases,,02_복무,EDUCATION_OFFICE|PUBLIC_SCHOOL,NATIONAL,UNVERIFIED,UPDATE,HIGH,2026-05-21,0,1,1914,R-AC1 검토출처에 내부 엔지니어링 메타데이터(커밋/배치/lawId) 노출,출처 필드를 사례 출처로 교체하고 검증방법은 별도 필드로 분리,P0
audit-cases:sen-2025-school-s-supply-direct-prod-cert,/audit-cases/sen-2025-school-s-supply-direct-prod-cert,물품구매계약 업무처리 부적정 — 중기 직접생산확인증명서 미확인 — 감사 지적 사례와 실무 대응 방법,audit-cases,,99_미분류,EDUCATION_OFFICE|PUBLIC_SCHOOL,UNSPECIFIED,UNVERIFIED,UPDATE,HIGH,2026-05-21,0,0,2009,R-AC1 검토출처에 내부 엔지니어링 메타데이터(커밋/배치/lawId) 노출 ; R-S1 내부링크 인바운드 0 (고아 페이지),출처 필드를 사례 출처로 교체하고 검증방법은 별도 필드로 분리 ; 허브(토픽/카테고리)에서 링크 연결,P0
audit-cases:sen-2025-school-v-budget-pre-execution,/audit-cases/sen-2025-school-v-budget-pre-execution,예산 세입조치 전 집행에 따른 재정 집행 부적정 — 회계연도 독립 원칙 위반 — 감사 지적 사례와 실무 대응,audit-cases,,04_예산회계,EDUCATION_OFFICE|PUBLIC_SCHOOL,UNSPECIFIED,UNVERIFIED,UPDATE,HIGH,2026-05-21,0,2,2128,R-AC1 검토출처에 내부 엔지니어링 메타데이터(커밋/배치/lawId) 노출,출처 필드를 사례 출처로 교체하고 검증방법은 별도 필드로 분리,P0
audit-cases:sen-2025-school-v-facility-split-private,/audit-cases/sen-2025-school-v-facility-split-private,시설공사 수의계약 부적정 — 단일사업 분할 + 예정가 낮춰 1인 수의 우회 — 감사 지적 사례와 실무 대응 방법,audit-cases,,13_시설안전,EDUCATION_OFFICE|PUBLIC_SCHOOL,NATIONAL,UNVERIFIED,UPDATE,HIGH,2026-05-21,0,79,2358,R-AC1 검토출처에 내부 엔지니어링 메타데이터(커밋/배치/lawId) 노출,출처 필드를 사례 출처로 교체하고 검증방법은 별도 필드로 분리,P0
audit-cases:sen-2025-school-y-facility-multi-violation,/audit-cases/sen-2025-school-y-facility-multi-violation,시설공사관리 및 계약업무 집행 소홀 — 보험료 과다지급·설계변경 무절차·분할수의 3종 합본 — 감사 지적 사례와,audit-cases,,13_시설안전,EDUCATION_OFFICE|PUBLIC_SCHOOL,NATIONAL,UNVERIFIED,UPDATE,HIGH,2026-05-21,0,3,2735,R-AC1 검토출처에 내부 엔지니어링 메타데이터(커밋/배치/lawId) 노출,출처 필드를 사례 출처로 교체하고 검증방법은 별도 필드로 분리,P0
audit-cases:sen-2025-school-y-handover,/audit-cases/sen-2025-school-y-handover,사무의 인계인수 운영 부적정 — 회계관계직원 10차례·발전기금 출납명령기관 누락 — 감사 지적 사례와 실무 대응,audit-cases,,99_미분류,EDUCATION_OFFICE|PUBLIC_SCHOOL,UNSPECIFIED,UNVERIFIED,UPDATE,HIGH,2026-05-21,0,0,1864,R-AC1 검토출처에 내부 엔지니어링 메타데이터(커밋/배치/lawId) 노출 ; R-S1 내부링크 인바운드 0 (고아 페이지),출처 필드를 사례 출처로 교체하고 검증방법은 별도 필드로 분리 ; 허브(토픽/카테고리)에서 링크 연결,P0
audit-cases:sen-2025-school-y-school-council-online,/audit-cases/sen-2025-school-y-school-council-online,학교운영위원회 회의 방법 부적정 — 자체 규정 없이 비대면 회의 8회 개최 — 감사 지적 사례와 실무 대응 방법,audit-cases,,99_미분류,EDUCATION_OFFICE|PUBLIC_SCHOOL,UNSPECIFIED,UNVERIFIED,UPDATE,HIGH,2026-05-21,0,1,1759,R-AC1 검토출처에 내부 엔지니어링 메타데이터(커밋/배치/lawId) 노출,출처 필드를 사례 출처로 교체하고 검증방법은 별도 필드로 분리,P0
audit-cases:sen-2025-school-y-vehicle-leave-violation,/audit-cases/sen-2025-school-y-vehicle-leave-violation,업무용차량 이용 및 복무 관리 부적정 — 무단 외출·타교 사용 이중 위반 — 감사 지적 사례와 실무 대응 방법,audit-cases,,02_복무,EDUCATION_OFFICE|PUBLIC_SCHOOL,BOTH,UNVERIFIED,UPDATE,HIGH,2026-05-21,0,0,1948,R-AC1 검토출처에 내부 엔지니어링 메타데이터(커밋/배치/lawId) 노출 ; R-C1 국가/지방 규정 동시 언급 + 적용 대상 미명시 ; R-S1 내부링크 인바운드 0 (고아 페이지),출처 필드를 사례 출처로 교체하고 검증방법은 별도 필드로 분리 ; 적용 대상(기관유형) 명시 ; 허브(토픽/카테고리)에서 링크 연결,P0
audit-cases:settlement-report-delayed,/audit-cases/settlement-report-delayed,결산서 의회 제출 법정 기한 초과 — 반복 위반 — 감사 지적 사례와 실무 대응 방법,audit-cases,,04_예산회계,UNSPECIFIED,LOCAL,UNVERIFIED,UPDATE,HIGH,2026-05-19,0,1,2197,R-AC1 검토출처에 내부 엔지니어링 메타데이터(커밋/배치/lawId) 노출,출처 필드를 사례 출처로 교체하고 검증방법은 별도 필드로 분리,P0
audit-cases:sick-leave-days-exceeded,/audit-cases/sick-leave-days-exceeded,병가 연간 60일 한도 초과 사용 — 국가공무원 복무규정 위반 — 감사 지적 사례와 실무 대응 방법,audit-cases,,02_복무,UNSPECIFIED,BOTH,SILMU_RECONSTRUCTED_CASE,UPDATE,MEDIUM,2026-06-18,0,2,2925,R-AC2 재구성 사례인데 '5단계 정합성 검증 완료' 배지가 사례 검증으로 오독됨 ; R-C1 국가/지방 규정 동시 언급 + 적용 대상 미명시,"provenance=SILMU_RECONSTRUCTED_CASE 라벨을 제목/상단에 명시, 배지 문구를 '법령근거 검증'으로 한정 ; 적용 대상(기관유형) 명시",P0
audit-cases:silmu-2026-concurrent-external-lecture-no-report,/audit-cases/silmu-2026-concurrent-external-lecture-no-report,외부강의 신고 누락 — 청탁금지법 §10 위반 — 감사 지적 사례와 실무 대응 방법,audit-cases,,02_복무,UNSPECIFIED,LOCAL,SILMU_RECONSTRUCTED_CASE,UPDATE,MEDIUM,2026-05-30,0,3,2163,R-AC2 재구성 사례인데 '5단계 정합성 검증 완료' 배지가 사례 검증으로 오독됨,"provenance=SILMU_RECONSTRUCTED_CASE 라벨을 제목/상단에 명시, 배지 문구를 '법령근거 검증'으로 한정",P0
audit-cases:silmu-2026-concurrent-for-profit-business,/audit-cases/silmu-2026-concurrent-for-profit-business,영리업무 종사 — 사기업 임원 겸직 — 감사 지적 사례와 실무 대응 방법,audit-cases,,02_복무,UNSPECIFIED,BOTH,SILMU_RECONSTRUCTED_CASE,UPDATE,MEDIUM,2026-05-30,0,3,2260,R-AC2 재구성 사례인데 '5단계 정합성 검증 완료' 배지가 사례 검증으로 오독됨 ; R-C1 국가/지방 규정 동시 언급 + 적용 대상 미명시,"provenance=SILMU_RECONSTRUCTED_CASE 라벨을 제목/상단에 명시, 배지 문구를 '법령근거 검증'으로 한정 ; 적용 대상(기관유형) 명시",P0
audit-cases:silmu-2026-concurrent-unauthorized,/audit-cases/silmu-2026-concurrent-unauthorized,무허가 겸직 — 사전 허가 없이 사외 자문 활동 — 감사 지적 사례와 실무 대응 방법,audit-cases,,02_복무,UNSPECIFIED,BOTH,SILMU_RECONSTRUCTED_CASE,UPDATE,MEDIUM,2026-05-30,0,3,2192,R-AC2 재구성 사례인데 '5단계 정합성 검증 완료' 배지가 사례 검증으로 오독됨 ; R-C1 국가/지방 규정 동시 언급 + 적용 대상 미명시,"provenance=SILMU_RECONSTRUCTED_CASE 라벨을 제목/상단에 명시, 배지 문구를 '법령근거 검증'으로 한정 ; 적용 대상(기관유형) 명시",P0
audit-cases:silmu-2026-overtime-fixed-share-no-prorate,/audit-cases/silmu-2026-overtime-fixed-share-no-prorate,신규임용·휴직월 정액분 일할 누락 — 100% 지급 — 감사 지적 사례와 실무 대응 방법,audit-cases,,02_복무,LOCAL_GOVERNMENT,UNSPECIFIED,SILMU_RECONSTRUCTED_CASE,UPDATE,MEDIUM,2026-05-30,0,4,2278,R-AC2 재구성 사례인데 '5단계 정합성 검증 완료' 배지가 사례 검증으로 오독됨,"provenance=SILMU_RECONSTRUCTED_CASE 라벨을 제목/상단에 명시, 배지 문구를 '법령근거 검증'으로 한정",P0
audit-cases:silmu-2026-overtime-post-approval,/audit-cases/silmu-2026-overtime-post-approval,사후 시간외근무명령 결재 — 사전 결재 원칙 위반 — 감사 지적 사례와 실무 대응 방법,audit-cases,,02_복무,LOCAL_GOVERNMENT,UNSPECIFIED,SILMU_RECONSTRUCTED_CASE,UPDATE,MEDIUM,2026-05-30,0,2,2202,R-AC2 재구성 사례인데 '5단계 정합성 검증 완료' 배지가 사례 검증으로 오독됨,"provenance=SILMU_RECONSTRUCTED_CASE 라벨을 제목/상단에 명시, 배지 문구를 '법령근거 검증'으로 한정",P0
audit-cases:silmu-2026-overtime-travel-overlap,/audit-cases/silmu-2026-overtime-travel-overlap,출장 중 시간외근무 중복 청구 — 여비와 시간외 동시 수령 — 감사 지적 사례와 실무 대응 방법,audit-cases,,02_복무,UNSPECIFIED,UNSPECIFIED,SILMU_RECONSTRUCTED_CASE,UPDATE,MEDIUM,2026-05-30,0,3,2179,R-AC2 재구성 사례인데 '5단계 정합성 검증 완료' 배지가 사례 검증으로 오독됨,"provenance=SILMU_RECONSTRUCTED_CASE 라벨을 제목/상단에 명시, 배지 문구를 '법령근거 검증'으로 한정",P0
audit-cases:silmu-2026-overtime-weekday-no-deduction,/audit-cases/silmu-2026-overtime-weekday-no-deduction,평일 시간외근무 -1시간 공제 누락 — 시스템 산정 오류 — 감사 지적 사례와 실무 대응 방법,audit-cases,,02_복무,LOCAL_GOVERNMENT,UNSPECIFIED,SILMU_RECONSTRUCTED_CASE,UPDATE,MEDIUM,2026-05-30,0,2,2247,R-AC2 재구성 사례인데 '5단계 정합성 검증 완료' 배지가 사례 검증으로 오독됨,"provenance=SILMU_RECONSTRUCTED_CASE 라벨을 제목/상단에 명시, 배지 문구를 '법령근거 검증'으로 한정",P0
audit-cases:silmu-2026-position-suspension-bribery-investigation,/audit-cases/silmu-2026-position-suspension-bribery-investigation,비위 수사 중 직위해제(§65의3 ①4호) → 무혐의로 복직 — 감사 지적 사례와 실무 대응 방법,audit-cases,,02_복무,UNSPECIFIED,BOTH,SILMU_RECONSTRUCTED_CASE,UPDATE,MEDIUM,2026-05-30,0,3,2454,R-AC2 재구성 사례인데 '5단계 정합성 검증 완료' 배지가 사례 검증으로 오독됨 ; R-C1 국가/지방 규정 동시 언급 + 적용 대상 미명시,"provenance=SILMU_RECONSTRUCTED_CASE 라벨을 제목/상단에 명시, 배지 문구를 '법령근거 검증'으로 한정 ; 적용 대상(기관유형) 명시",P0
audit-cases:silmu-2026-position-suspension-criminal-prosecution,/audit-cases/silmu-2026-position-suspension-criminal-prosecution,형사기소(약식명령 제외) 직위해제 → 무죄 확정 시 봉급 차액 소급 — 감사 지적 사례와 실무 대응 방법,audit-cases,,02_복무,UNSPECIFIED,BOTH,SILMU_RECONSTRUCTED_CASE,UPDATE,MEDIUM,2026-05-30,0,2,2578,R-AC2 재구성 사례인데 '5단계 정합성 검증 완료' 배지가 사례 검증으로 오독됨 ; R-C1 국가/지방 규정 동시 언급 + 적용 대상 미명시,"provenance=SILMU_RECONSTRUCTED_CASE 라벨을 제목/상단에 명시, 배지 문구를 '법령근거 검증'으로 한정 ; 적용 대상(기관유형) 명시",P0
audit-cases:silmu-2026-position-suspension-discipline-pending,/audit-cases/silmu-2026-position-suspension-discipline-pending,징계의결 요구 중 직위해제 → 정직 처분으로 종료 — 감사 지적 사례와 실무 대응 방법,audit-cases,,02_복무,UNSPECIFIED,BOTH,SILMU_RECONSTRUCTED_CASE,UPDATE,MEDIUM,2026-05-30,0,3,2491,R-AC2 재구성 사례인데 '5단계 정합성 검증 완료' 배지가 사례 검증으로 오독됨 ; R-C1 국가/지방 규정 동시 언급 + 적용 대상 미명시,"provenance=SILMU_RECONSTRUCTED_CASE 라벨을 제목/상단에 명시, 배지 문구를 '법령근거 검증'으로 한정 ; 적용 대상(기관유형) 명시",P0
audit-cases:silmu-2026-position-suspension-incompetence-dismissal,/audit-cases/silmu-2026-position-suspension-incompetence-dismissal,능력 부족 직위해제 → 3개월 대기명령 후 직권면직 — 감사 지적 사례와 실무 대응 방법,audit-cases,,02_복무,LOCAL_GOVERNMENT,BOTH,SILMU_RECONSTRUCTED_CASE,UPDATE,MEDIUM,2026-05-30,0,2,2707,R-AC2 재구성 사례인데 '5단계 정합성 검증 완료' 배지가 사례 검증으로 오독됨 ; R-C1 국가/지방 규정 동시 언급 + 적용 대상 미명시,"provenance=SILMU_RECONSTRUCTED_CASE 라벨을 제목/상단에 명시, 배지 문구를 '법령근거 검증'으로 한정 ; 적용 대상(기관유형) 명시",P0
audit-cases:silmu-2026-position-suspension-senior-officer-review,/audit-cases/silmu-2026-position-suspension-senior-officer-review,고위공무원 적격심사 직위해제 → 적격 통과로 복직 — 감사 지적 사례와 실무 대응 방법,audit-cases,,02_복무,UNSPECIFIED,BOTH,SILMU_RECONSTRUCTED_CASE,UPDATE,MEDIUM,2026-05-30,0,6,2343,R-AC2 재구성 사례인데 '5단계 정합성 검증 완료' 배지가 사례 검증으로 오독됨 ; R-C1 국가/지방 규정 동시 언급 + 적용 대상 미명시,"provenance=SILMU_RECONSTRUCTED_CASE 라벨을 제목/상단에 명시, 배지 문구를 '법령근거 검증'으로 한정 ; 적용 대상(기관유형) 명시",P0
audit-cases:silmu-2026-reinstatement-expired-no-notice,/audit-cases/silmu-2026-reinstatement-expired-no-notice,휴직 기간 만료 후 30일 미신고 → 당연 복직 효력 상실 — 감사 지적 사례와 실무 대응 방법,audit-cases,,02_복무,UNSPECIFIED,BOTH,SILMU_RECONSTRUCTED_CASE,UPDATE,MEDIUM,2026-05-30,0,9,2419,R-AC2 재구성 사례인데 '5단계 정합성 검증 완료' 배지가 사례 검증으로 오독됨 ; R-C1 국가/지방 규정 동시 언급 + 적용 대상 미명시,"provenance=SILMU_RECONSTRUCTED_CASE 라벨을 제목/상단에 명시, 배지 문구를 '법령근거 검증'으로 한정 ; 적용 대상(기관유형) 명시",P0
audit-cases:silmu-2026-reinstatement-late-notice,/audit-cases/silmu-2026-reinstatement-late-notice,휴직 사유 소멸 후 30일 미신고 → 무단결근 간주·징계 — 감사 지적 사례와 실무 대응 방법,audit-cases,,02_복무,UNSPECIFIED,BOTH,SILMU_RECONSTRUCTED_CASE,UPDATE,MEDIUM,2026-05-30,0,3,2233,R-AC2 재구성 사례인데 '5단계 정합성 검증 완료' 배지가 사례 검증으로 오독됨 ; R-C1 국가/지방 규정 동시 언급 + 적용 대상 미명시,"provenance=SILMU_RECONSTRUCTED_CASE 라벨을 제목/상단에 명시, 배지 문구를 '법령근거 검증'으로 한정 ; 적용 대상(기관유형) 명시",P0
audit-cases:silmu-2026-reinstatement-step-recalc-missing,/audit-cases/silmu-2026-reinstatement-step-recalc-missing,복직 후 호봉 재산정 누락 → 휴직 사유별 산입 미적용 — 감사 지적 사례와 실무 대응 방법,audit-cases,,02_복무,UNSPECIFIED,LOCAL,SILMU_RECONSTRUCTED_CASE,UPDATE,MEDIUM,2026-05-30,0,26,2222,R-AC2 재구성 사례인데 '5단계 정합성 검증 완료' 배지가 사례 검증으로 오독됨,"provenance=SILMU_RECONSTRUCTED_CASE 라벨을 제목/상단에 명시, 배지 문구를 '법령근거 검증'으로 한정",P0
audit-cases:silmu-2026-reinstatement-unfair-placement,/audit-cases/silmu-2026-reinstatement-unfair-placement,육아휴직 후 좌천성 배치 → 불이익 처우 금지 위반 — 감사 지적 사례와 실무 대응 방법,audit-cases,,02_복무,UNSPECIFIED,BOTH,SILMU_RECONSTRUCTED_CASE,UPDATE,MEDIUM,2026-05-30,0,4,2279,R-AC2 재구성 사례인데 '5단계 정합성 검증 완료' 배지가 사례 검증으로 오독됨 ; R-C1 국가/지방 규정 동시 언급 + 적용 대상 미명시,"provenance=SILMU_RECONSTRUCTED_CASE 라벨을 제목/상단에 명시, 배지 문구를 '법령근거 검증'으로 한정 ; 적용 대상(기관유형) 명시",P0
audit-cases:single-quote-exceeds-limit,/audit-cases/single-quote-exceeds-limit,2천만원 초과 물품 구매를 1인 견적으로 수의계약 처리 — 감사 지적 사례와 실무 대응 방법,audit-cases,,05_계약조달,UNSPECIFIED,LOCAL,SILMU_RECONSTRUCTED_CASE,UPDATE,MEDIUM,2026-06-09,0,30,3733,R-AC2 재구성 사례인데 '5단계 정합성 검증 완료' 배지가 사례 검증으로 오독됨,"provenance=SILMU_RECONSTRUCTED_CASE 라벨을 제목/상단에 명시, 배지 문구를 '법령근거 검증'으로 한정",P0
audit-cases:small-amount-intentional-split,/audit-cases/small-amount-intentional-split,용역 총액 1억 5천만원을 5천만원 이하 3건으로 쪼개 소액수의 반복 체결 — 감사 지적 사례와 실무 대응 방법,audit-cases,,99_미분류,UNSPECIFIED,LOCAL,SILMU_RECONSTRUCTED_CASE,UPDATE,MEDIUM,2026-06-18,0,1,3625,R-AC2 재구성 사례인데 '5단계 정합성 검증 완료' 배지가 사례 검증으로 오독됨,"provenance=SILMU_RECONSTRUCTED_CASE 라벨을 제목/상단에 명시, 배지 문구를 '법령근거 검증'으로 한정",P0
audit-cases:software-dev-misclassified-as-goods,/audit-cases/software-dev-misclassified-as-goods,소프트웨어 개발을 물품구매로 처리하여 경쟁입찰 회피 — 감사 지적 사례와 실무 대응 방법,audit-cases,,06_재산물품,UNSPECIFIED,LOCAL,SILMU_RECONSTRUCTED_CASE,UPDATE,MEDIUM,2026-06-18,0,5,3898,R-AC2 재구성 사례인데 '5단계 정합성 검증 완료' 배지가 사례 검증으로 오독됨,"provenance=SILMU_RECONSTRUCTED_CASE 라벨을 제목/상단에 명시, 배지 문구를 '법령근거 검증'으로 한정",P0
audit-cases:spec-price-integration-violation,/audit-cases/spec-price-integration-violation,규격가격 분리입찰 대상 공사를 통합 입찰로 처리하여 가격 경쟁 왜곡 — 감사 지적 사례와 실무 대응 방법,audit-cases,,05_계약조달,UNSPECIFIED,LOCAL,SILMU_RECONSTRUCTED_CASE,UPDATE,MEDIUM,2026-06-18,0,2,3372,R-AC2 재구성 사례인데 '5단계 정합성 검증 완료' 배지가 사례 검증으로 오독됨,"provenance=SILMU_RECONSTRUCTED_CASE 라벨을 제목/상단에 명시, 배지 문구를 '법령근거 검증'으로 한정",P0
audit-cases:special-leave-holiday-miscalculation,/audit-cases/special-leave-holiday-miscalculation,경조사 특별휴가 일수 산정 오류 — 주말 포함으로 실제 근무일수 초과 부여 — 감사 지적 사례와 실무 대응 방법,audit-cases,,02_복무,UNSPECIFIED,BOTH,SILMU_RECONSTRUCTED_CASE,UPDATE,MEDIUM,2026-06-18,0,1,2945,R-AC2 재구성 사례인데 '5단계 정합성 검증 완료' 배지가 사례 검증으로 오독됨 ; R-C1 국가/지방 규정 동시 언급 + 적용 대상 미명시,"provenance=SILMU_RECONSTRUCTED_CASE 라벨을 제목/상단에 명시, 배지 문구를 '법령근거 검증'으로 한정 ; 적용 대상(기관유형) 명시",P0
audit-cases:split-contract-to-avoid-bidding,/audit-cases/split-contract-to-avoid-bidding,단일 공사를 2건으로 분할하여 입찰 금액 기준 이하로 맞춰 경쟁입찰 회피 — 감사 지적 사례와 실무 대응 방법,audit-cases,,05_계약조달,UNSPECIFIED,LOCAL,SILMU_RECONSTRUCTED_CASE,UPDATE,MEDIUM,2026-06-18,0,2,3270,R-AC2 재구성 사례인데 '5단계 정합성 검증 완료' 배지가 사례 검증으로 오독됨,"provenance=SILMU_RECONSTRUCTED_CASE 라벨을 제목/상단에 명시, 배지 문구를 '법령근거 검증'으로 한정",P0
audit-cases:split-order-monthly-to-avoid-bidding,/audit-cases/split-order-monthly-to-avoid-bidding,연간 소모품 소요량을 월별로 쪼개 12건 소액 수의계약 반복 체결 — 감사 지적 사례와 실무 대응 방법,audit-cases,,05_계약조달,UNSPECIFIED,LOCAL,SILMU_RECONSTRUCTED_CASE,UPDATE,MEDIUM,2026-06-18,0,4,3429,R-AC2 재구성 사례인데 '5단계 정합성 검증 완료' 배지가 사례 검증으로 오독됨,"provenance=SILMU_RECONSTRUCTED_CASE 라벨을 제목/상단에 명시, 배지 문구를 '법령근거 검증'으로 한정",P0
audit-cases:subcontract-below-cost,/audit-cases/subcontract-below-cost,하도급대금 부당 감액 — 감사 지적 사례와 실무 대응 방법,audit-cases,,05_계약조달,UNSPECIFIED,UNSPECIFIED,SILMU_RECONSTRUCTED_CASE,UPDATE,MEDIUM,2026-06-18,0,6,2422,R-AC2 재구성 사례인데 '5단계 정합성 검증 완료' 배지가 사례 검증으로 오독됨,"provenance=SILMU_RECONSTRUCTED_CASE 라벨을 제목/상단에 명시, 배지 문구를 '법령근거 검증'으로 한정",P0
audit-cases:subcontract-direct-payment-denied,/audit-cases/subcontract-direct-payment-denied,하도급대금 직접지급 미이행 — 감사 지적 사례와 실무 대응 방법,audit-cases,,03_보수수당,UNSPECIFIED,UNSPECIFIED,SILMU_RECONSTRUCTED_CASE,UPDATE,MEDIUM,2026-06-18,0,6,2690,R-AC2 재구성 사례인데 '5단계 정합성 검증 완료' 배지가 사례 검증으로 오독됨,"provenance=SILMU_RECONSTRUCTED_CASE 라벨을 제목/상단에 명시, 배지 문구를 '법령근거 검증'으로 한정",P0
audit-cases:subcontract-no-notice,/audit-cases/subcontract-no-notice,하도급 통지 누락 — 감사 지적 사례와 실무 대응 방법,audit-cases,,05_계약조달,UNSPECIFIED,UNSPECIFIED,SILMU_RECONSTRUCTED_CASE,UPDATE,MEDIUM,2026-06-18,0,6,2593,R-AC2 재구성 사례인데 '5단계 정합성 검증 완료' 배지가 사례 검증으로 오독됨,"provenance=SILMU_RECONSTRUCTED_CASE 라벨을 제목/상단에 명시, 배지 문구를 '법령근거 검증'으로 한정",P0
audit-cases:subcontract-payment-delay,/audit-cases/subcontract-payment-delay,하도급대금 지연 지급 — 감사 지적 사례와 실무 대응 방법,audit-cases,,03_보수수당,UNSPECIFIED,UNSPECIFIED,SILMU_RECONSTRUCTED_CASE,UPDATE,MEDIUM,2026-06-18,0,6,2459,R-AC2 재구성 사례인데 '5단계 정합성 검증 완료' 배지가 사례 검증으로 오독됨,"provenance=SILMU_RECONSTRUCTED_CASE 라벨을 제목/상단에 명시, 배지 문구를 '법령근거 검증'으로 한정",P0
audit-cases:subcontract-unauthorized-re-sub,/audit-cases/subcontract-unauthorized-re-sub,무단 재하도급 — 감사 지적 사례와 실무 대응 방법,audit-cases,,05_계약조달,EDUCATION_OFFICE|PUBLIC_SCHOOL,UNSPECIFIED,SILMU_RECONSTRUCTED_CASE,UPDATE,MEDIUM,2026-06-18,0,1,2389,R-AC2 재구성 사례인데 '5단계 정합성 검증 완료' 배지가 사례 검증으로 오독됨,"provenance=SILMU_RECONSTRUCTED_CASE 라벨을 제목/상단에 명시, 배지 문구를 '법령근거 검증'으로 한정",P0
audit-cases:subcontract-whole-transfer,/audit-cases/subcontract-whole-transfer,일괄하도급(불법 전대) 적발 — 감사 지적 사례와 실무 대응 방법,audit-cases,,05_계약조달,UNSPECIFIED,UNSPECIFIED,SILMU_RECONSTRUCTED_CASE,UPDATE,MEDIUM,2026-06-18,0,4,2700,R-AC2 재구성 사례인데 '5단계 정합성 검증 완료' 배지가 사례 검증으로 오독됨,"provenance=SILMU_RECONSTRUCTED_CASE 라벨을 제목/상단에 명시, 배지 문구를 '법령근거 검증'으로 한정",P0
audit-cases:subsidy-settlement-false-report,/audit-cases/subsidy-settlement-false-report,국고보조금 정산 허위 보고 — 미집행 금액 집행 처리 — 감사 지적 사례와 실무 대응 방법,audit-cases,,04_예산회계,UNSPECIFIED,UNSPECIFIED,UNVERIFIED,UPDATE,HIGH,2026-05-19,0,1,2017,R-AC1 검토출처에 내부 엔지니어링 메타데이터(커밋/배치/lawId) 노출,출처 필드를 사례 출처로 교체하고 검증방법은 별도 필드로 분리,P0
audit-cases:substitution-material-unapproved,/audit-cases/substitution-material-unapproved,자재 무단 대체 사용 — 감사 지적 사례와 실무 대응 방법,audit-cases,,99_미분류,UNSPECIFIED,LOCAL,SILMU_RECONSTRUCTED_CASE,UPDATE,MEDIUM,2026-06-09,0,18,2535,R-AC2 재구성 사례인데 '5단계 정합성 검증 완료' 배지가 사례 검증으로 오독됨,"provenance=SILMU_RECONSTRUCTED_CASE 라벨을 제목/상단에 명시, 배지 문구를 '법령근거 검증'으로 한정",P0
audit-cases:supervision-absent,/audit-cases/supervision-absent,감독관 미지정·미이행 — 감사 지적 사례와 실무 대응 방법,audit-cases,,99_미분류,EDUCATION_OFFICE|PUBLIC_SCHOOL,LOCAL,SILMU_RECONSTRUCTED_CASE,UPDATE,MEDIUM,2026-06-09,0,0,2356,R-AC2 재구성 사례인데 '5단계 정합성 검증 완료' 배지가 사례 검증으로 오독됨 ; R-S1 내부링크 인바운드 0 (고아 페이지),"provenance=SILMU_RECONSTRUCTED_CASE 라벨을 제목/상단에 명시, 배지 문구를 '법령근거 검증'으로 한정 ; 허브(토픽/카테고리)에서 링크 연결",P0
audit-cases:supplementary-budget-before-council,/audit-cases/supplementary-budget-before-council,추경 의결 전 사업 착수 — 예산 없는 집행 — 감사 지적 사례와 실무 대응 방법,audit-cases,,04_예산회계,UNSPECIFIED,LOCAL,UNVERIFIED,UPDATE,HIGH,2026-05-19,0,33,2002,R-AC1 검토출처에 내부 엔지니어링 메타데이터(커밋/배치/lawId) 노출,출처 필드를 사례 출처로 교체하고 검증방법은 별도 필드로 분리,P0
audit-cases:supplementary-budget-violation,/audit-cases/supplementary-budget-violation,추경예산 편성 요건 미충족으로 재정규율 저해 — 감사 지적 사례와 실무 대응 방법,audit-cases,,04_예산회계,UNSPECIFIED,LOCAL,UNVERIFIED,UPDATE,HIGH,2026-05-19,0,1,3967,R-AC1 검토출처에 내부 엔지니어링 메타데이터(커밋/배치/lawId) 노출,출처 필드를 사례 출처로 교체하고 검증방법은 별도 필드로 분리,P0
audit-cases:travel-expense-double-claim,/audit-cases/travel-expense-double-claim,동일 날짜 2개 기관에 출장비 이중 청구 — 겸직 담당자 여비 중복 수령 — 감사 지적 사례와 실무 대응 방법,audit-cases,,02_복무,EDUCATION_OFFICE|PUBLIC_SCHOOL,LOCAL,UNVERIFIED,UPDATE,HIGH,2026-05-19,0,44,3591,R-AC1 검토출처에 내부 엔지니어링 메타데이터(커밋/배치/lawId) 노출,출처 필드를 사례 출처로 교체하고 검증방법은 별도 필드로 분리,P0
audit-cases:travel-expense-settlement-no-receipt,/audit-cases/travel-expense-settlement-no-receipt,여비 정산 시 영수증 없이 개산여비 지급 — 실비 정산 원칙 위반 — 감사 지적 사례와 실무 대응 방법,audit-cases,,02_복무,UNSPECIFIED,LOCAL,UNVERIFIED,UPDATE,HIGH,2026-05-19,0,6,3540,R-AC1 검토출처에 내부 엔지니어링 메타데이터(커밋/배치/lawId) 노출,출처 필드를 사례 출처로 교체하고 검증방법은 별도 필드로 분리,P0
audit-cases:unit-price-contract-quantity-exceeded,/audit-cases/unit-price-contract-quantity-exceeded,단가계약 체결 후 계약 수량 한도 초과 발주로 추가 예산 집행 — 감사 지적 사례와 실무 대응 방법,audit-cases,,05_계약조달,UNSPECIFIED,LOCAL,SILMU_RECONSTRUCTED_CASE,UPDATE,MEDIUM,2026-06-18,0,1,3563,R-AC2 재구성 사례인데 '5단계 정합성 검증 완료' 배지가 사례 검증으로 오독됨,"provenance=SILMU_RECONSTRUCTED_CASE 라벨을 제목/상단에 명시, 배지 문구를 '법령근거 검증'으로 한정",P0
audit-cases:vehicle-travel-allowance-distance-fraud,/audit-cases/vehicle-travel-allowance-distance-fraud,자가용 출장 여비 실제 거리 부풀리기 — 우회 경로 신고로 과다 청구 — 감사 지적 사례와 실무 대응 방법,audit-cases,,02_복무,UNSPECIFIED,UNSPECIFIED,UNVERIFIED,UPDATE,HIGH,2026-05-19,0,3,4070,R-AC1 검토출처에 내부 엔지니어링 메타데이터(커밋/배치/lawId) 노출,출처 필드를 사례 출처로 교체하고 검증방법은 별도 필드로 분리,P0
audit-cases:welfare-point-cash-conversion,/audit-cases/welfare-point-cash-conversion,공무원 복지포인트 현금화 허용 — 사용 가능 항목 외 사용 방치 — 감사 지적 사례와 실무 대응 방법,audit-cases,,04_예산회계,UNSPECIFIED,UNSPECIFIED,UNVERIFIED,UPDATE,HIGH,2026-05-19,0,1,2899,R-AC1 검토출처에 내부 엔지니어링 메타데이터(커밋/배치/lawId) 노출,출처 필드를 사례 출처로 교체하고 검증방법은 별도 필드로 분리,P0
audit-cases:year-end-settlement-duplicate-deduction,/audit-cases/year-end-settlement-duplicate-deduction,연말정산 부양가족 공제 중복 적용 — 타 기관 동일인 이중 공제 — 감사 지적 사례와 실무 대응 방법,audit-cases,,04_예산회계,LOCAL_GOVERNMENT,UNSPECIFIED,UNVERIFIED,UPDATE,HIGH,2026-05-19,0,2,3138,R-AC1 검토출처에 내부 엔지니어링 메타데이터(커밋/배치/lawId) 노출,출처 필드를 사례 출처로 교체하고 검증방법은 별도 필드로 분리,P0
tools:allowance-calculator,/tools/allowance-calculator,공무원 수당 계산기 — 정근수당·가족수당·명절휴가비 자동 계산,tools,,03_보수수당,UNSPECIFIED,UNSPECIFIED,SILMU_INTERPRETATION,UPDATE,HIGH,,0,6,1660,R-TL1 계산·판단 결과에 기준일/근거 버전 표기 없음 ; R-TL2 면책·한계 문구 없음 (금액·기한 산출 도구),도구에 기준일·근거조문·개정 반영일 표면 추가 ; 면책 문구 및 '기안 전 근거 재확인' 안내 추가,P0
tools:annual-leave-calculator,/tools/annual-leave-calculator,연가일수 계산기 — 공무원 재직 기간별 연가 자동 계산,tools,,02_복무,UNSPECIFIED,BOTH,SILMU_INTERPRETATION,UPDATE,HIGH,,0,4,1450,R-TL1 계산·판단 결과에 기준일/근거 버전 표기 없음 ; R-TL2 면책·한계 문구 없음 (금액·기한 산출 도구),도구에 기준일·근거조문·개정 반영일 표면 추가 ; 면책 문구 및 '기안 전 근거 재확인' 안내 추가,P0
tools:audit-readiness-checker,/tools/audit-readiness-checker,부서별 감사 대비 체크리스트 — 계약·예산·인사·보조금 자가점검,tools,,11_감사청렴,UNSPECIFIED,UNSPECIFIED,SILMU_INTERPRETATION,UPDATE,HIGH,,0,3,1162,R-TL1 계산·판단 결과에 기준일/근거 버전 표기 없음 ; R-TL2 면책·한계 문구 없음 (금액·기한 산출 도구),도구에 기준일·근거조문·개정 반영일 표면 추가 ; 면책 문구 및 '기안 전 근거 재확인' 안내 추가,P0
tools:budget-category-finder,/tools/budget-category-finder,예산 과목 분류 도우미 — 세출예산 목·세목 자동 추천,tools,,04_예산회계,UNSPECIFIED,LOCAL,SILMU_INTERPRETATION,UPDATE,HIGH,,0,2,714,R-TL1 계산·판단 결과에 기준일/근거 버전 표기 없음 ; R-TL2 면책·한계 문구 없음 (금액·기한 산출 도구) ; R-S3 thin content,도구에 기준일·근거조문·개정 반영일 표면 추가 ; 면책 문구 및 '기안 전 근거 재확인' 안내 추가,P0
tools:budget-execution-rate,/tools/budget-execution-rate,예산 집행률 계산기 — 예산 집행 현황 즉시 파악,tools,,04_예산회계,UNSPECIFIED,LOCAL,SILMU_INTERPRETATION,UPDATE,HIGH,,0,7,1514,R-TL1 계산·판단 결과에 기준일/근거 버전 표기 없음 ; R-TL2 면책·한계 문구 없음 (금액·기한 산출 도구),도구에 기준일·근거조문·개정 반영일 표면 추가 ; 면책 문구 및 '기안 전 근거 재확인' 안내 추가,P0
tools:budget-transfer-checker,/tools/budget-transfer-checker,이월·전용 적법성 판단기 — 예산 이월·전용 요건 즉시 확인,tools,,04_예산회계,UNSPECIFIED,BOTH,SILMU_INTERPRETATION,UPDATE,HIGH,,0,6,1403,R-TL1 계산·판단 결과에 기준일/근거 버전 표기 없음 ; R-TL2 면책·한계 문구 없음 (금액·기한 산출 도구),도구에 기준일·근거조문·개정 반영일 표면 추가 ; 면책 문구 및 '기안 전 근거 재확인' 안내 추가,P0
tools:contingency-fund,/tools/contingency-fund,예비비 한도 계산기 — 지방재정법 예비비 법정 한도 계산,tools,,04_예산회계,UNSPECIFIED,LOCAL,SILMU_INTERPRETATION,UPDATE,HIGH,,0,4,1493,R-TL1 계산·판단 결과에 기준일/근거 버전 표기 없음 ; R-TL2 면책·한계 문구 없음 (금액·기한 산출 도구),도구에 기준일·근거조문·개정 반영일 표면 추가 ; 면책 문구 및 '기안 전 근거 재확인' 안내 추가,P0
tools:contract-documents,/tools/contract-documents,계약서류 원클릭 생성기,tools,,05_계약조달,UNSPECIFIED,LOCAL,SILMU_INTERPRETATION,UPDATE,HIGH,,0,563,1764,R-TL1 계산·판단 결과에 기준일/근거 버전 표기 없음 ; R-TL2 면책·한계 문구 없음 (금액·기한 산출 도구),도구에 기준일·근거조문·개정 반영일 표면 추가 ; 면책 문구 및 '기안 전 근거 재확인' 안내 추가,P0
tools:contract-guarantee,/tools/contract-guarantee,계약보증금 계산기,tools,,05_계약조달,UNSPECIFIED,LOCAL,SILMU_INTERPRETATION,UPDATE,HIGH,,0,563,2128,R-TL1 계산·판단 결과에 기준일/근거 버전 표기 없음 ; R-TL2 면책·한계 문구 없음 (금액·기한 산출 도구),도구에 기준일·근거조문·개정 반영일 표면 추가 ; 면책 문구 및 '기안 전 근거 재확인' 안내 추가,P0
tools:contract-legality-check,/tools/contract-legality-check,계약 적법성 자가진단 — 단계별 감사 지적 사전 예방,tools,,05_계약조달,UNSPECIFIED,LOCAL,SILMU_INTERPRETATION,UPDATE,HIGH,,0,3,851,R-TL1 계산·판단 결과에 기준일/근거 버전 표기 없음 ; R-TL2 면책·한계 문구 없음 (금액·기한 산출 도구),도구에 기준일·근거조문·개정 반영일 표면 추가 ; 면책 문구 및 '기안 전 근거 재확인' 안내 추가,P0
tools:contract-method,/tools/contract-method,계약방식 결정 도우미 — 수의계약·경쟁입찰 자동 판단,tools,,05_계약조달,EDUCATION_OFFICE|PUBLIC_SCHOOL,LOCAL,SILMU_INTERPRETATION,UPDATE,HIGH,,0,563,2447,R-TL1 계산·판단 결과에 기준일/근거 버전 표기 없음 ; R-TL2 면책·한계 문구 없음 (금액·기한 산출 도구),도구에 기준일·근거조문·개정 반영일 표면 추가 ; 면책 문구 및 '기안 전 근거 재확인' 안내 추가,P0
tools:contract-reason,/tools/contract-reason,수의계약 사유서 생성기,tools,,05_계약조달,UNSPECIFIED,LOCAL,SILMU_INTERPRETATION,UPDATE,HIGH,,0,9,1833,R-TL1 계산·판단 결과에 기준일/근거 버전 표기 없음 ; R-TL2 면책·한계 문구 없음 (금액·기한 산출 도구),도구에 기준일·근거조문·개정 반영일 표면 추가 ; 면책 문구 및 '기안 전 근거 재확인' 안내 추가,P0
tools:cost-calculation,/tools/cost-calculation,원가계산서 검토 가이드,tools,,99_미분류,UNSPECIFIED,LOCAL,SILMU_INTERPRETATION,UPDATE,HIGH,,0,6,1940,R-TL1 계산·판단 결과에 기준일/근거 버전 표기 없음 ; R-TL2 면책·한계 문구 없음 (금액·기한 산출 도구),도구에 기준일·근거조문·개정 반영일 표면 추가 ; 면책 문구 및 '기안 전 근거 재확인' 안내 추가,P0
tools:cost-estimate,/tools/cost-estimate,물량내역서+시방서 생성기,tools,,05_계약조달,UNSPECIFIED,LOCAL,SILMU_INTERPRETATION,UPDATE,HIGH,,0,9,2308,R-TL1 계산·판단 결과에 기준일/근거 버전 표기 없음 ; R-TL2 면책·한계 문구 없음 (금액·기한 산출 도구),도구에 기준일·근거조문·개정 반영일 표면 추가 ; 면책 문구 및 '기안 전 근거 재확인' 안내 추가,P0
tools:design-change,/tools/design-change,설계변경 검토서 도우미,tools,,99_미분류,UNSPECIFIED,LOCAL,SILMU_INTERPRETATION,UPDATE,HIGH,,0,6,2074,R-TL1 계산·판단 결과에 기준일/근거 버전 표기 없음 ; R-TL2 면책·한계 문구 없음 (금액·기한 산출 도구),도구에 기준일·근거조문·개정 반영일 표면 추가 ; 면책 문구 및 '기안 전 근거 재확인' 안내 추가,P0
tools:insurance-calculator,/tools/insurance-calculator,4대보험 정산보험료 계산기 — 연말·퇴직정산 자동 계산,tools,,99_미분류,UNSPECIFIED,UNSPECIFIED,SILMU_INTERPRETATION,UPDATE,HIGH,,0,1,8624,R-TL1 계산·판단 결과에 기준일/근거 버전 표기 없음 ; R-TL2 면책·한계 문구 없음 (금액·기한 산출 도구),도구에 기준일·근거조문·개정 반영일 표면 추가 ; 면책 문구 및 '기안 전 근거 재확인' 안내 추가,P0
tools:legal-period,/tools/legal-period,법정기간 계산기 — 입찰공고·계약·대금지급 기한 자동 산출,tools,,99_미분류,UNSPECIFIED,UNSPECIFIED,SILMU_INTERPRETATION,UPDATE,HIGH,,0,563,2215,R-TL1 계산·판단 결과에 기준일/근거 버전 표기 없음 ; R-TL2 면책·한계 문구 없음 (금액·기한 산출 도구),도구에 기준일·근거조문·개정 반영일 표면 추가 ; 면책 문구 및 '기안 전 근거 재확인' 안내 추가,P0
tools:overtime-calculator,/tools/overtime-calculator,초과근무수당 계산기 — 공무원 시간외·야간·휴일근무수당 자동 계산,tools,,02_복무,UNSPECIFIED,UNSPECIFIED,SILMU_INTERPRETATION,UPDATE,HIGH,,0,4,1457,R-TL1 계산·판단 결과에 기준일/근거 버전 표기 없음 ; R-TL2 면책·한계 문구 없음 (금액·기한 산출 도구),도구에 기준일·근거조문·개정 반영일 표면 추가 ; 면책 문구 및 '기안 전 근거 재확인' 안내 추가,P0
tools:pdf,/tools/pdf,PDF 도구,tools,,99_미분류,UNSPECIFIED,UNSPECIFIED,SILMU_INTERPRETATION,UPDATE,HIGH,,0,1,1834,R-TL1 계산·판단 결과에 기준일/근거 버전 표기 없음 ; R-TL2 면책·한계 문구 없음 (금액·기한 산출 도구),도구에 기준일·근거조문·개정 반영일 표면 추가 ; 면책 문구 및 '기안 전 근거 재확인' 안내 추가,P0
tools:pension-calculator,/tools/pension-calculator,공무원연금 예상 수령액 계산기 — 재직년수별 월 연금액,tools,,03_보수수당,UNSPECIFIED,UNSPECIFIED,SILMU_INTERPRETATION,UPDATE,HIGH,,0,3,1542,R-TL1 계산·판단 결과에 기준일/근거 버전 표기 없음 ; R-TL2 면책·한계 문구 없음 (금액·기한 산출 도구),도구에 기준일·근거조문·개정 반영일 표면 추가 ; 면책 문구 및 '기안 전 근거 재확인' 안내 추가,P0
tools:price-adjustment-calculator,/tools/price-adjustment-calculator,물가변동 계약금액조정 계산기 — ESC 조정금액 자동 계산,tools,,05_계약조달,UNSPECIFIED,LOCAL,SILMU_INTERPRETATION,UPDATE,HIGH,,0,4,1625,R-TL1 계산·판단 결과에 기준일/근거 버전 표기 없음 ; R-TL2 면책·한계 문구 없음 (금액·기한 산출 도구),도구에 기준일·근거조문·개정 반영일 표면 추가 ; 면책 문구 및 '기안 전 근거 재확인' 안내 추가,P0
tools:progress-inspection,/tools/progress-inspection,기성검사 체크리스트,tools,,05_계약조달,UNSPECIFIED,LOCAL,SILMU_INTERPRETATION,UPDATE,HIGH,,0,9,1822,R-TL1 계산·판단 결과에 기준일/근거 버전 표기 없음 ; R-TL2 면책·한계 문구 없음 (금액·기한 산출 도구),도구에 기준일·근거조문·개정 반영일 표면 추가 ; 면책 문구 및 '기안 전 근거 재확인' 안내 추가,P0
tools:project-plan,/tools/project-plan,사업계획서 생성기,tools,,99_미분류,UNSPECIFIED,LOCAL,SILMU_INTERPRETATION,UPDATE,HIGH,,0,2,1478,R-TL1 계산·판단 결과에 기준일/근거 버전 표기 없음 ; R-TL2 면책·한계 문구 없음 (금액·기한 산출 도구) ; R-S2 meta description 부재/과단,도구에 기준일·근거조문·개정 반영일 표면 추가 ; 면책 문구 및 '기안 전 근거 재확인' 안내 추가,P0
tools:quote-auto,/tools/quote-auto,견적서 일괄 문서생성,tools,,05_계약조달,UNSPECIFIED,LOCAL,SILMU_INTERPRETATION,UPDATE,HIGH,,0,1,2493,R-TL1 계산·판단 결과에 기준일/근거 버전 표기 없음 ; R-TL2 면책·한계 문구 없음 (금액·기한 산출 도구),도구에 기준일·근거조문·개정 반영일 표면 추가 ; 면책 문구 및 '기안 전 근거 재확인' 안내 추가,P0
tools:salary-calculator,/tools/salary-calculator,공무원 봉급 실수령액 계산기 2026 — 직급·호봉별 세후 월급,tools,,03_보수수당,UNSPECIFIED,UNSPECIFIED,SILMU_INTERPRETATION,UPDATE,HIGH,,0,7,1406,R-TL1 계산·판단 결과에 기준일/근거 버전 표기 없음 ; R-TL2 면책·한계 문구 없음 (금액·기한 산출 도구),도구에 기준일·근거조문·개정 반영일 표면 추가 ; 면책 문구 및 '기안 전 근거 재확인' 안내 추가,P0
tools:severance-calculator,/tools/severance-calculator,퇴직금 계산기 — 공무원 퇴직수당 자동 계산 (재직기간별),tools,,03_보수수당,UNSPECIFIED,UNSPECIFIED,SILMU_INTERPRETATION,UPDATE,HIGH,,0,4,987,R-TL1 계산·판단 결과에 기준일/근거 버전 표기 없음 ; R-TL2 면책·한계 문구 없음 (금액·기한 산출 도구),도구에 기준일·근거조문·개정 반영일 표면 추가 ; 면책 문구 및 '기안 전 근거 재확인' 안내 추가,P0
tools:split-contract-checker,/tools/split-contract-checker,분할계약 판단 체크리스트 — 수의계약 위험도 즉시 확인,tools,,05_계약조달,UNSPECIFIED,LOCAL,SILMU_INTERPRETATION,UPDATE,HIGH,,0,5,1333,R-TL1 계산·판단 결과에 기준일/근거 버전 표기 없음 ; R-TL2 면책·한계 문구 없음 (금액·기한 산출 도구) ; R-S2 meta description 부재/과단,도구에 기준일·근거조문·개정 반영일 표면 추가 ; 면책 문구 및 '기안 전 근거 재확인' 안내 추가,P0
tools:subsidy-settlement-checker,/tools/subsidy-settlement-checker,보조금 정산 체크리스트 — e나라도움 정산 전 자가점검,tools,,04_예산회계,UNSPECIFIED,LOCAL,SILMU_INTERPRETATION,UPDATE,HIGH,,0,4,766,R-TL1 계산·판단 결과에 기준일/근거 버전 표기 없음 ; R-TL2 면책·한계 문구 없음 (금액·기한 산출 도구) ; R-S3 thin content,도구에 기준일·근거조문·개정 반영일 표면 추가 ; 면책 문구 및 '기안 전 근거 재확인' 안내 추가,P0
tools:task-calendar,/tools/task-calendar,업무 할일 달력 — 공무원 월별 반복업무 일정 관리,tools,,99_미분류,UNSPECIFIED,UNSPECIFIED,SILMU_INTERPRETATION,UPDATE,HIGH,,0,563,6061,R-TL1 계산·판단 결과에 기준일/근거 버전 표기 없음 ; R-TL2 면책·한계 문구 없음 (금액·기한 산출 도구),도구에 기준일·근거조문·개정 반영일 표면 추가 ; 면책 문구 및 '기안 전 근거 재확인' 안내 추가,P0
tools:travel-calculator,/tools/travel-calculator,여비계산기 — 공무원 출장 교통비·숙박비·일비 자동 계산,tools,,02_복무,UNSPECIFIED,UNSPECIFIED,SILMU_INTERPRETATION,UPDATE,HIGH,,0,563,1897,R-TL1 계산·판단 결과에 기준일/근거 버전 표기 없음 ; R-TL2 면책·한계 문구 없음 (금액·기한 산출 도구),도구에 기준일·근거조문·개정 반영일 표면 추가 ; 면책 문구 및 '기안 전 근거 재확인' 안내 추가,P0
audit-cases:contract-period-extension-illegal,/audit-cases/contract-period-extension-illegal,정당한 사유 없는 계약기간 임의 연장으로 지방재정 손실 — 감사 지적 사례와 실무 대응 방법,audit-cases,,05_계약조달,UNSPECIFIED,LOCAL,UNVERIFIED,UPDATE,MEDIUM,,0,1,4065,R-AC5 검증/출처 표면 없음,provenance 4분류 중 하나로 확정,P1
audit-cases:contract-termination-no-notice,/audit-cases/contract-termination-no-notice,이행 최고 없이 계약 해지 — 감사 지적 사례와 실무 대응 방법,audit-cases,,05_계약조달,UNSPECIFIED,LOCAL,UNVERIFIED,UPDATE,MEDIUM,,0,1,2528,R-AC5 검증/출처 표면 없음,provenance 4분류 중 하나로 확정,P1
audit-cases:cost-calculation-indirect-cost-overrate,/audit-cases/cost-calculation-indirect-cost-overrate,원가계산 간접비율 과다 적용으로 예정가격 부풀린 사건 — 감사 지적 사례와 실무 대응 방법,audit-cases,,99_미분류,EDUCATION_OFFICE|PUBLIC_SCHOOL,LOCAL,UNVERIFIED,UPDATE,MEDIUM,,0,1,3879,R-AC5 검증/출처 표면 없음,provenance 4분류 중 하나로 확정,P1
audit-cases:direct-production-confirm-missing,/audit-cases/direct-production-confirm-missing,직접생산확인증명서 미징구 상태에서 중소기업 제품 수의계약 체결 — 감사 지적 사례와 실무 대응 방법,audit-cases,,99_미분류,LOCAL_GOVERNMENT,LOCAL,UNVERIFIED,UPDATE,MEDIUM,,0,1,3721,R-AC5 검증/출처 표면 없음,provenance 4분류 중 하나로 확정,P1
audit-cases:disciplinary-action-request-delay,/audit-cases/disciplinary-action-request-delay,비위 사실 인지 후 징계의결 요구 1년 이상 지연 — 국가공무원법 위반 — 감사 지적 사례와 실무 대응 방법,audit-cases,,99_미분류,UNSPECIFIED,BOTH,UNVERIFIED,UPDATE,MEDIUM,,0,62,2735,R-AC5 검증/출처 표면 없음 ; R-C1 국가/지방 규정 동시 언급 + 적용 대상 미명시,provenance 4분류 중 하나로 확정 ; 적용 대상(기관유형) 명시,P1
audit-cases:goe-2021-accounting-disorder-construction,/audit-cases/goe-2021-accounting-disorder-construction,"회계질서 문란 — 계약 전 공사 진행, 사후 소급계약·변경계약 남용 — 감사 지적 사례와 실무 대응 방법",audit-cases,,04_예산회계,EDUCATION_OFFICE|PUBLIC_SCHOOL,LOCAL,OFFICIAL_PARTIAL,UPDATE,MEDIUM,2026-05-19,0,0,4814,"R-AC3 실제 감사보고서 출처이나 원문 URL·페이지·처분 미기재, 내부 backlog 문구 공개 노출 ; R-S1 내부링크 인바운드 0 (고아 페이지)",original_document_url·page·disposition 채우고 backlog 문구 제거 ; 허브(토픽/카테고리)에서 링크 연결,P1
audit-cases:goe-2021-bad-debt-write-off-violation,/audit-cases/goe-2021-bad-debt-write-off-violation,세입금 불납결손 처리 부적정 — 시효 미소멸 미수납액 결손 — 감사 지적 사례와 실무 대응 방법,audit-cases,,99_미분류,EDUCATION_OFFICE|PUBLIC_SCHOOL,UNSPECIFIED,OFFICIAL_PARTIAL,UPDATE,MEDIUM,2026-05-19,0,0,3901,"R-AC3 실제 감사보고서 출처이나 원문 URL·페이지·처분 미기재, 내부 backlog 문구 공개 노출 ; R-S1 내부링크 인바운드 0 (고아 페이지)",original_document_url·page·disposition 채우고 backlog 문구 제거 ; 허브(토픽/카테고리)에서 링크 연결,P1
audit-cases:goe-2021-credit-card-usage-improper,/audit-cases/goe-2021-credit-card-usage-improper,신용카드 사용 부적정 — 개인카드 선사용·포인트 미세입조치 — 감사 지적 사례와 실무 대응 방법,audit-cases,,99_미분류,EDUCATION_OFFICE|PUBLIC_SCHOOL,UNSPECIFIED,OFFICIAL_PARTIAL,UPDATE,MEDIUM,2026-05-19,0,0,4506,"R-AC3 실제 감사보고서 출처이나 원문 URL·페이지·처분 미기재, 내부 backlog 문구 공개 노출 ; R-S1 내부링크 인바운드 0 (고아 페이지)",original_document_url·page·disposition 채우고 backlog 문구 제거 ; 허브(토픽/카테고리)에서 링크 연결,P1
audit-cases:goe-2021-retirement-pension-mismanagement,/audit-cases/goe-2021-retirement-pension-mismanagement,퇴직적립금 세외 관리 부적정 — 교육공무직 DB형 퇴직연금 — 감사 지적 사례와 실무 대응 방법,audit-cases,,03_보수수당,EDUCATION_OFFICE|PUBLIC_SCHOOL,LOCAL,OFFICIAL_PARTIAL,UPDATE,MEDIUM,2026-05-19,0,18,4006,"R-AC3 실제 감사보고서 출처이나 원문 URL·페이지·처분 미기재, 내부 backlog 문구 공개 노출",original_document_url·page·disposition 채우고 backlog 문구 제거,P1
audit-cases:goe-2021-suspense-cash-single-approval,/audit-cases/goe-2021-suspense-cash-single-approval,세입세출외현금 출납원 1인 결재 부적정 — 2인 이상 처리 의무 위반 — 감사 지적 사례와 실무 대응 방법,audit-cases,,04_예산회계,EDUCATION_OFFICE|PUBLIC_SCHOOL,LOCAL,OFFICIAL_PARTIAL,UPDATE,MEDIUM,2026-05-19,0,16,3835,"R-AC3 실제 감사보고서 출처이나 원문 URL·페이지·처분 미기재, 내부 backlog 문구 공개 노출",original_document_url·page·disposition 채우고 backlog 문구 제거,P1
audit-cases:goods-selection-committee-bypassed,/audit-cases/goods-selection-committee-bypassed,물품선정위원회 미구성·미심의 후 수의계약 체결로 특정 업체 특혜 의혹 — 감사 지적 사례와 실무 대응 방법,audit-cases,,06_재산물품,LOCAL_GOVERNMENT,LOCAL,UNVERIFIED,UPDATE,MEDIUM,,0,1,3815,R-AC5 검증/출처 표면 없음,provenance 4분류 중 하나로 확정,P1
audit-cases:mas-contract-non-listed-product,/audit-cases/mas-contract-non-listed-product,MAS 목록 미등재 제품을 다수공급자계약으로 구매 처리 — 감사 지적 사례와 실무 대응 방법,audit-cases,,05_계약조달,EDUCATION_OFFICE|PUBLIC_SCHOOL,LOCAL,UNVERIFIED,UPDATE,MEDIUM,,0,1,3445,R-AC5 검증/출처 표면 없음,provenance 4분류 중 하나로 확정,P1
audit-cases:national-local-contract-law-mix,/audit-cases/national-local-contract-law-mix,국가계약법 적용 사업에 지방계약법 규정 혼용 적용 — 감사 지적 사례와 실무 대응 방법,audit-cases,,05_계약조달,LOCAL_GOVERNMENT,BOTH,UNVERIFIED,UPDATE,MEDIUM,,0,1,3764,R-AC5 검증/출처 표면 없음,provenance 4분류 중 하나로 확정,P1
audit-cases:private-contract-retroactive,/audit-cases/private-contract-retroactive,소급 수의계약 (선 이행 후 계약) — 감사 지적 사례와 실무 대응 방법,audit-cases,,05_계약조달,EDUCATION_OFFICE|PUBLIC_SCHOOL,LOCAL,UNVERIFIED,UPDATE,MEDIUM,,0,1,2453,R-AC5 검증/출처 표면 없음,provenance 4분류 중 하나로 확정,P1
audit-cases:quote-collection-same-vendor-double,/audit-cases/quote-collection-same-vendor-double,동일 업체 명의 분산을 통한 허위 비교견적서 2개 징구 사건 — 감사 지적 사례와 실무 대응 방법,audit-cases,,05_계약조달,LOCAL_GOVERNMENT,LOCAL,UNVERIFIED,UPDATE,MEDIUM,,0,1,4378,R-AC5 검증/출처 표면 없음,provenance 4분류 중 하나로 확정,P1
audit-cases:school-budget-deadline-violation,/audit-cases/school-budget-deadline-violation,학교회계 예산 법정 확정 기한 초과 — 회계규칙 위반으로 학기 초 집행 차질 — 감사 지적 사례와 실무 대응,audit-cases,,04_예산회계,EDUCATION_OFFICE|PUBLIC_SCHOOL,UNSPECIFIED,UNVERIFIED,UPDATE,MEDIUM,,0,1,3130,R-AC5 검증/출처 표면 없음,provenance 4분류 중 하나로 확정,P1
guides:annual-leave-guide,/guides/annual-leave-guide,연가 사용 및 관리 가이드,guides,,02_복무,UNSPECIFIED,BOTH,UNVERIFIED,UPDATE,MEDIUM,,0,3,1887,R-GD1 검증 표면 없음(검증배지·검토일 부재),guides에도 authority metadata 표면 적용,P1
guides:audit-frequent-issues,/guides/audit-frequent-issues,감사 빈출 지적 TOP 30 — 계약·예산·인사·보조금 분야별 정리,guides,,11_감사청렴,UNSPECIFIED,BOTH,UNVERIFIED,UPDATE,MEDIUM,,0,4,5920,R-GD1 검증 표면 없음(검증배지·검토일 부재),guides에도 authority metadata 표면 적용,P1
guides:bid-complete-1,/guides/bid-complete-1,입찰이란 무엇인가 — 경쟁입찰의 원칙과 종류 완전정복 1편,guides,,05_계약조달,UNSPECIFIED,UNSPECIFIED,UNVERIFIED,UPDATE,MEDIUM,,0,12,4507,R-GD1 검증 표면 없음(검증배지·검토일 부재),guides에도 authority metadata 표면 적용,P1
guides:bid-complete-10,/guides/bid-complete-10,입찰 Q&A 총정리 — 실무 20문답 완전정복 10편,guides,,05_계약조달,UNSPECIFIED,UNSPECIFIED,UNVERIFIED,UPDATE,MEDIUM,,0,21,4971,R-GD1 검증 표면 없음(검증배지·검토일 부재) ; R-GD3 본문에 식별 가능한 법령명 없음,guides에도 authority metadata 표면 적용,P1
guides:bid-complete-2,/guides/bid-complete-2,예정가격 산정과 입찰 준비 — 입찰 완전정복 2편,guides,,05_계약조달,UNSPECIFIED,UNSPECIFIED,UNVERIFIED,UPDATE,MEDIUM,,0,19,4451,R-GD1 검증 표면 없음(검증배지·검토일 부재),guides에도 authority metadata 표면 적용,P1
guides:bid-complete-3,/guides/bid-complete-3,입찰 공고 완전 가이드 — 공고 기간·내용·방법 입찰 완전정복 3편,guides,,05_계약조달,UNSPECIFIED,UNSPECIFIED,UNVERIFIED,UPDATE,MEDIUM,,0,14,4354,R-GD1 검증 표면 없음(검증배지·검토일 부재),guides에도 authority metadata 표면 적용,P1
guides:bid-complete-4,/guides/bid-complete-4,입찰 참가자격 완전 가이드 — 제한·배제·사전심사 입찰 완전정복 4편,guides,,05_계약조달,UNSPECIFIED,UNSPECIFIED,UNVERIFIED,UPDATE,MEDIUM,,0,13,4382,R-GD1 검증 표면 없음(검증배지·검토일 부재),guides에도 authority metadata 표면 적용,P1
guides:bid-complete-5,/guides/bid-complete-5,개찰과 낙찰 방법 5가지 — 최저가·적격심사·종합평가 완전정복 5편,guides,,05_계약조달,UNSPECIFIED,UNSPECIFIED,UNVERIFIED,UPDATE,MEDIUM,,0,103,4732,R-GD1 검증 표면 없음(검증배지·검토일 부재),guides에도 authority metadata 표면 적용,P1
guides:bid-complete-6,/guides/bid-complete-6,전자입찰(나라장터) 실무 완전 가이드 — 입찰 완전정복 6편,guides,,05_계약조달,UNSPECIFIED,UNSPECIFIED,UNVERIFIED,UPDATE,MEDIUM,,0,16,4379,R-GD1 검증 표면 없음(검증배지·검토일 부재) ; R-GD3 본문에 식별 가능한 법령명 없음,guides에도 authority metadata 표면 적용,P1
guides:bid-complete-7,/guides/bid-complete-7,입찰 무효와 유찰 — 재공고·수의계약 전환 입찰 완전정복 7편,guides,,05_계약조달,UNSPECIFIED,UNSPECIFIED,UNVERIFIED,UPDATE,MEDIUM,,0,14,4221,R-GD1 검증 표면 없음(검증배지·검토일 부재),guides에도 authority metadata 표면 적용,P1
guides:bid-complete-8,/guides/bid-complete-8,입찰보증금과 계약보증금 — 납부·면제·귀속 입찰 완전정복 8편,guides,,05_계약조달,UNSPECIFIED,UNSPECIFIED,UNVERIFIED,UPDATE,MEDIUM,,0,16,4136,R-GD1 검증 표면 없음(검증배지·검토일 부재),guides에도 authority metadata 표면 적용,P1
guides:bid-complete-9,/guides/bid-complete-9,입찰 담합과 부정당업자 — 감사 지적 사례 TOP10 입찰 완전정복 9편,guides,,05_계약조달,UNSPECIFIED,UNSPECIFIED,UNVERIFIED,UPDATE,MEDIUM,,0,14,4498,R-GD1 검증 표면 없음(검증배지·검토일 부재),guides에도 authority metadata 표면 적용,P1
guides:bidding-guide,/guides/bidding-guide,입찰 실무 가이드,guides,,05_계약조달,UNSPECIFIED,LOCAL,UNVERIFIED,UPDATE,MEDIUM,,0,3,2793,R-GD1 검증 표면 없음(검증배지·검토일 부재),guides에도 authority metadata 표면 적용,P1
guides:budget-transfer-guide,/guides/budget-transfer-guide,예산의 전용·이용·이체 실무 가이드,guides,,04_예산회계,UNSPECIFIED,LOCAL,UNVERIFIED,UPDATE,MEDIUM,,0,2,1725,R-GD1 검증 표면 없음(검증배지·검토일 부재) ; R-S2 meta description 부재/과단,guides에도 authority metadata 표면 적용,P1
guides:civil-complaint-guide,/guides/civil-complaint-guide,민원 응대 매뉴얼,guides,,99_미분류,UNSPECIFIED,UNSPECIFIED,UNVERIFIED,UPDATE,MEDIUM,,0,1,1904,R-GD1 검증 표면 없음(검증배지·검토일 부재),guides에도 authority metadata 표면 적용,P1
guides:concurrent-job-guide,/guides/concurrent-job-guide,공무원 겸직허가 신청 가이드,guides,,02_복무,UNSPECIFIED,LOCAL,UNVERIFIED,UPDATE,MEDIUM,,0,2,1810,R-GD1 검증 표면 없음(검증배지·검토일 부재) ; R-S2 meta description 부재/과단,guides에도 authority metadata 표면 적용,P1
guides:contract-flow,/guides/contract-flow,계약 흐름도 — 공무원 계약 업무 전 과정 시각화,guides,,05_계약조달,UNSPECIFIED,UNSPECIFIED,UNVERIFIED,UPDATE,MEDIUM,,0,563,3026,R-GD1 검증 표면 없음(검증배지·검토일 부재) ; R-GD3 본문에 식별 가능한 법령명 없음,guides에도 authority metadata 표면 적용,P1
guides:e-procurement-guide,/guides/e-procurement-guide,나라장터·학교장터 전자계약 가이드,guides,,05_계약조달,EDUCATION_OFFICE|PUBLIC_SCHOOL,LOCAL,UNVERIFIED,UPDATE,MEDIUM,,0,6,2575,R-GD1 검증 표면 없음(검증배지·검토일 부재),guides에도 authority metadata 표면 적용,P1
guides:estimated-price,/guides/estimated-price,추정가격·예정가격 산정 가이드,guides,,05_계약조달,UNSPECIFIED,LOCAL,UNVERIFIED,UPDATE,MEDIUM,,0,9,2239,R-GD1 검증 표면 없음(검증배지·검토일 부재),guides에도 authority metadata 표면 적용,P1
guides:goods-selection-committee-guide,/guides/goods-selection-committee-guide,물품선정위원회 운영 가이드,guides,,06_재산물품,UNSPECIFIED,LOCAL,UNVERIFIED,UPDATE,MEDIUM,,0,3,2440,R-GD1 검증 표면 없음(검증배지·검토일 부재) ; R-S2 meta description 부재/과단,guides에도 authority metadata 표면 적용,P1
guides:hr-welfare-complete-8,/guides/hr-welfare-complete-8,연말정산 완전정복 — 왕초보 완전정복 8편,guides,,99_미분류,UNSPECIFIED,UNSPECIFIED,SECONDARY_SOURCE,UPDATE,MEDIUM,2026-05,0,13,4745,R-GD2 검토일 2026-05 표기 있으나 1차 출처 미표기 ; R-GD3 본문에 식별 가능한 법령명 없음,official_source_url 채우기,P1
guides:leave-of-absence-guide,/guides/leave-of-absence-guide,공무원 휴직 신청 및 복직 절차 가이드,guides,,02_복무,UNSPECIFIED,LOCAL,UNVERIFIED,UPDATE,MEDIUM,,0,8,1832,R-GD1 검증 표면 없음(검증배지·검토일 부재) ; R-S2 meta description 부재/과단,guides에도 authority metadata 표면 적용,P1
guides:local-subsidy-complete-1,/guides/local-subsidy-complete-1,지방보조금 완전정복 1편 — 지방보조금이란 무엇인가,guides,,07_보조금위탁,UNSPECIFIED,UNSPECIFIED,UNVERIFIED,UPDATE,MEDIUM,,0,13,4854,R-GD1 검증 표면 없음(검증배지·검토일 부재) ; R-I2 유사 주제 클러스터 — 통합 검토,guides에도 authority metadata 표면 적용,P1
guides:local-subsidy-complete-10,/guides/local-subsidy-complete-10,지방보조금 완전정복 10편 — 실무 Q&A 총정리,guides,,07_보조금위탁,UNSPECIFIED,UNSPECIFIED,UNVERIFIED,UPDATE,MEDIUM,,0,12,4817,R-GD1 검증 표면 없음(검증배지·검토일 부재) ; R-GD3 본문에 식별 가능한 법령명 없음 ; R-I2 유사 주제 클러스터 — 통합 검토,guides에도 authority metadata 표면 적용,P1
guides:local-subsidy-complete-2,/guides/local-subsidy-complete-2,지방보조금 완전정복 2편 — 교부 신청 절차,guides,,07_보조금위탁,UNSPECIFIED,UNSPECIFIED,UNVERIFIED,UPDATE,MEDIUM,,0,12,4864,R-GD1 검증 표면 없음(검증배지·검토일 부재) ; R-I2 유사 주제 클러스터 — 통합 검토,guides에도 authority metadata 표면 적용,P1
guides:local-subsidy-complete-3,/guides/local-subsidy-complete-3,지방보조금 완전정복 3편 — 심사와 교부 결정,guides,,07_보조금위탁,UNSPECIFIED,UNSPECIFIED,UNVERIFIED,UPDATE,MEDIUM,,0,13,4799,R-GD1 검증 표면 없음(검증배지·검토일 부재) ; R-I2 유사 주제 클러스터 — 통합 검토,guides에도 authority metadata 표면 적용,P1
guides:local-subsidy-complete-4,/guides/local-subsidy-complete-4,지방보조금 완전정복 4편 — 보조금 집행 실무,guides,,07_보조금위탁,UNSPECIFIED,UNSPECIFIED,UNVERIFIED,MERGE,MEDIUM,,0,12,4734,R-GD1 검증 표면 없음(검증배지·검토일 부재) ; R-I1 <title> 완전 중복 — 검색 카니벌라이제이션,guides에도 authority metadata 표면 적용 ; 제목 차별화 또는 통합,P1
guides:local-subsidy-complete-5,/guides/local-subsidy-complete-5,지방보조금 완전정복 5편 — 정산 완벽 준비,guides,,07_보조금위탁,UNSPECIFIED,UNSPECIFIED,UNVERIFIED,UPDATE,MEDIUM,,0,12,4949,R-GD1 검증 표면 없음(검증배지·검토일 부재) ; R-I2 유사 주제 클러스터 — 통합 검토,guides에도 authority metadata 표면 적용,P1
guides:local-subsidy-complete-6,/guides/local-subsidy-complete-6,지방보조금 완전정복 6편 — 반납과 환수,guides,,07_보조금위탁,UNSPECIFIED,UNSPECIFIED,UNVERIFIED,UPDATE,MEDIUM,,0,13,4835,R-GD1 검증 표면 없음(검증배지·검토일 부재) ; R-I2 유사 주제 클러스터 — 통합 검토,guides에도 authority metadata 표면 적용,P1
guides:local-subsidy-complete-7,/guides/local-subsidy-complete-7,지방보조금 완전정복 7편 — 민간보조 vs 자치단체간 보조 비교,guides,,07_보조금위탁,UNSPECIFIED,UNSPECIFIED,UNVERIFIED,UPDATE,MEDIUM,,0,14,4733,R-GD1 검증 표면 없음(검증배지·검토일 부재) ; R-I2 유사 주제 클러스터 — 통합 검토,guides에도 authority metadata 표면 적용,P1
guides:local-subsidy-complete-8,/guides/local-subsidy-complete-8,지방보조금 완전정복 8편 — 부정수급과 제재,guides,,07_보조금위탁,UNSPECIFIED,UNSPECIFIED,UNVERIFIED,UPDATE,MEDIUM,,0,12,5288,R-GD1 검증 표면 없음(검증배지·검토일 부재) ; R-I2 유사 주제 클러스터 — 통합 검토,guides에도 authority metadata 표면 적용,P1
guides:local-subsidy-complete-9,/guides/local-subsidy-complete-9,지방보조금 완전정복 9편 — 감사 대비 핵심 체크리스트,guides,,07_보조금위탁,UNSPECIFIED,UNSPECIFIED,UNVERIFIED,UPDATE,MEDIUM,,0,12,4866,R-GD1 검증 표면 없음(검증배지·검토일 부재) ; R-GD3 본문에 식별 가능한 법령명 없음 ; R-I2 유사 주제 클러스터 — 통합 검토,guides에도 authority metadata 표면 적용,P1
guides:local-subsidy-guide,/guides/local-subsidy-guide,지방보조금 완전정복 4편 — 보조금 집행 실무,guides,,07_보조금위탁,UNSPECIFIED,UNSPECIFIED,UNVERIFIED,MERGE,MEDIUM,,0,2,2479,R-GD1 검증 표면 없음(검증배지·검토일 부재) ; R-GD3 본문에 식별 가능한 법령명 없음 ; R-I1 <title> 완전 중복 — 검색 카니벌라이제이션 ; R-S2 meta description 부재/과단,guides에도 authority metadata 표면 적용 ; 제목 차별화 또는 통합,P1
guides:national-vs-local-contract,/guides/national-vs-local-contract,국가계약 vs 지방계약 비교 — 핵심 차이점 한눈에 보기,guides,,05_계약조달,EDUCATION_OFFICE|PUBLIC_SCHOOL,BOTH,UNVERIFIED,UPDATE,MEDIUM,,0,0,1975,R-GD1 검증 표면 없음(검증배지·검토일 부재) ; R-S1 내부링크 인바운드 0 (고아 페이지),guides에도 authority metadata 표면 적용 ; 허브(토픽/카테고리)에서 링크 연결,P1
guides:official-leave-guide,/guides/official-leave-guide,공가 사용 실무 가이드,guides,,02_복무,UNSPECIFIED,LOCAL,UNVERIFIED,UPDATE,MEDIUM,,0,2,1750,R-GD1 검증 표면 없음(검증배지·검토일 부재) ; R-S2 meta description 부재/과단,guides에도 authority metadata 표면 적용,P1
guides:pre-contract-checklist,/guides/pre-contract-checklist,계약업무 사전 체크리스트,guides,,05_계약조달,UNSPECIFIED,LOCAL,UNVERIFIED,UPDATE,MEDIUM,,0,563,7488,R-GD1 검증 표면 없음(검증배지·검토일 부재) ; R-S2 meta description 부재/과단,guides에도 authority metadata 표면 적용,P1
guides:price-negotiation-guide,/guides/price-negotiation-guide,가격협상(협상에 의한 계약) 가이드,guides,,05_계약조달,UNSPECIFIED,LOCAL,UNVERIFIED,UPDATE,MEDIUM,,0,2,2440,R-GD1 검증 표면 없음(검증배지·검토일 부재),guides에도 authority metadata 표면 적용,P1
guides:private-contract-limit-guide,/guides/private-contract-limit-guide,수의계약 한도액 가이드,guides,,05_계약조달,UNSPECIFIED,LOCAL,UNVERIFIED,UPDATE,MEDIUM,,0,3,2589,R-GD1 검증 표면 없음(검증배지·검토일 부재),guides에도 authority metadata 표면 적용,P1
guides:suui-contract-complete-1,/guides/suui-contract-complete-1,수의계약이란 무엇인가 — 왕초보 완전정복 1편,guides,,05_계약조달,UNSPECIFIED,UNSPECIFIED,UNVERIFIED,UPDATE,MEDIUM,,0,15,4512,R-GD1 검증 표면 없음(검증배지·검토일 부재),guides에도 authority metadata 표면 적용,P1
guides:suui-contract-complete-10,/guides/suui-contract-complete-10,수의계약 Q&A 총정리 — 왕초보 완전정복 10편,guides,,05_계약조달,UNSPECIFIED,UNSPECIFIED,UNVERIFIED,UPDATE,MEDIUM,,0,12,5344,R-GD1 검증 표면 없음(검증배지·검토일 부재),guides에도 authority metadata 표면 적용,P1
guides:suui-contract-complete-2,/guides/suui-contract-complete-2,수의계약 허용 사유 완전 정리 — 왕초보 완전정복 2편,guides,,05_계약조달,UNSPECIFIED,UNSPECIFIED,UNVERIFIED,UPDATE,MEDIUM,,0,12,5775,R-GD1 검증 표면 없음(검증배지·검토일 부재),guides에도 authority metadata 표면 적용,P1
guides:suui-contract-complete-3,/guides/suui-contract-complete-3,소액 수의계약 실무 완전 가이드 — 왕초보 완전정복 3편,guides,,05_계약조달,UNSPECIFIED,UNSPECIFIED,UNVERIFIED,UPDATE,MEDIUM,,0,14,4591,R-GD1 검증 표면 없음(검증배지·검토일 부재),guides에도 authority metadata 표면 적용,P1
guides:suui-contract-complete-4,/guides/suui-contract-complete-4,긴급 수의계약 — 재난 상황 대응 매뉴얼 왕초보 완전정복 4편,guides,,05_계약조달,UNSPECIFIED,UNSPECIFIED,UNVERIFIED,UPDATE,MEDIUM,,0,13,4789,R-GD1 검증 표면 없음(검증배지·검토일 부재),guides에도 authority metadata 표면 적용,P1
guides:suui-contract-complete-5,/guides/suui-contract-complete-5,수의계약 절차 단계별 가이드 — 왕초보 완전정복 5편,guides,,05_계약조달,UNSPECIFIED,UNSPECIFIED,UNVERIFIED,UPDATE,MEDIUM,,0,47,4352,R-GD1 검증 표면 없음(검증배지·검토일 부재),guides에도 authority metadata 표면 적용,P1
guides:suui-contract-complete-6,/guides/suui-contract-complete-6,수의계약 계약서 작성법 완전 가이드 — 왕초보 완전정복 6편,guides,,05_계약조달,UNSPECIFIED,UNSPECIFIED,UNVERIFIED,UPDATE,MEDIUM,,0,13,4720,R-GD1 검증 표면 없음(검증배지·검토일 부재),guides에도 authority metadata 표면 적용,P1
guides:suui-contract-complete-7,/guides/suui-contract-complete-7,수의계약 이행 관리 실무 — 왕초보 완전정복 7편,guides,,05_계약조달,UNSPECIFIED,UNSPECIFIED,UNVERIFIED,UPDATE,MEDIUM,,0,12,4435,R-GD1 검증 표면 없음(검증배지·검토일 부재),guides에도 authority metadata 표면 적용,P1
guides:suui-contract-complete-8,/guides/suui-contract-complete-8,수의계약 변경 계약 실무 — 왕초보 완전정복 8편,guides,,05_계약조달,UNSPECIFIED,UNSPECIFIED,UNVERIFIED,UPDATE,MEDIUM,,0,12,4699,R-GD1 검증 표면 없음(검증배지·검토일 부재),guides에도 authority metadata 표면 적용,P1
guides:suui-contract-complete-9,/guides/suui-contract-complete-9,수의계약 감사 지적 사례 총정리 — 왕초보 완전정복 9편,guides,,05_계약조달,UNSPECIFIED,UNSPECIFIED,UNVERIFIED,UPDATE,MEDIUM,,0,12,4868,R-GD1 검증 표면 없음(검증배지·검토일 부재),guides에도 authority metadata 표면 적용,P1
guides:travel-expense-complete-1,/guides/travel-expense-complete-1,출장여비란 무엇인가 — 왕초보 완전정복 1편,guides,,02_복무,UNSPECIFIED,UNSPECIFIED,SECONDARY_SOURCE,UPDATE,MEDIUM,2026-05,0,12,4523,R-GD2 검토일 2026-05 표기 있으나 1차 출처 미표기 ; R-GD3 본문에 식별 가능한 법령명 없음,official_source_url 채우기,P1
guides:travel-expense-complete-10,/guides/travel-expense-complete-10,Q&A 20문항 총정리 — 왕초보 완전정복 10편,guides,,02_복무,UNSPECIFIED,UNSPECIFIED,SECONDARY_SOURCE,MERGE,MEDIUM,2026-05,0,13,5506,R-GD2 검토일 2026-05 표기 있으나 1차 출처 미표기 ; R-GD3 본문에 식별 가능한 법령명 없음 ; R-I1 <title> 완전 중복 — 검색 카니벌라이제이션,official_source_url 채우기 ; 제목 차별화 또는 통합,P1
guides:travel-expense-complete-2,/guides/travel-expense-complete-2,국내 출장 일비·식비 완전 정리 — 왕초보 완전정복 2편,guides,,02_복무,UNSPECIFIED,UNSPECIFIED,SECONDARY_SOURCE,UPDATE,MEDIUM,2026-05,0,16,4828,R-GD2 검토일 2026-05 표기 있으나 1차 출처 미표기 ; R-GD3 본문에 식별 가능한 법령명 없음,official_source_url 채우기,P1
guides:travel-expense-complete-3,/guides/travel-expense-complete-3,숙박비 완전정복 — 왕초보 완전정복 3편,guides,,02_복무,UNSPECIFIED,UNSPECIFIED,SECONDARY_SOURCE,UPDATE,MEDIUM,2026-05,0,13,4709,R-GD2 검토일 2026-05 표기 있으나 1차 출처 미표기 ; R-GD3 본문에 식별 가능한 법령명 없음,official_source_url 채우기,P1
guides:travel-expense-complete-4,/guides/travel-expense-complete-4,교통비 완전정복 — 왕초보 완전정복 4편,guides,,02_복무,UNSPECIFIED,UNSPECIFIED,SECONDARY_SOURCE,UPDATE,MEDIUM,2026-05,0,12,4638,R-GD2 검토일 2026-05 표기 있으나 1차 출처 미표기 ; R-GD3 본문에 식별 가능한 법령명 없음,official_source_url 채우기,P1
guides:travel-expense-complete-5,/guides/travel-expense-complete-5,통행료·주차비·기타 비용 처리 — 왕초보 완전정복 5편,guides,,02_복무,UNSPECIFIED,UNSPECIFIED,SECONDARY_SOURCE,UPDATE,MEDIUM,2026-05,0,13,4513,R-GD2 검토일 2026-05 표기 있으나 1차 출처 미표기 ; R-GD3 본문에 식별 가능한 법령명 없음,official_source_url 채우기,P1
guides:travel-expense-complete-6,/guides/travel-expense-complete-6,일일출장과 숙박출장 차이 — 왕초보 완전정복 6편,guides,,02_복무,UNSPECIFIED,UNSPECIFIED,SECONDARY_SOURCE,UPDATE,MEDIUM,2026-05,0,12,4554,R-GD2 검토일 2026-05 표기 있으나 1차 출처 미표기 ; R-GD3 본문에 식별 가능한 법령명 없음,official_source_url 채우기,P1
guides:travel-expense-complete-7,/guides/travel-expense-complete-7,국외출장 여비 완전정복 — 왕초보 완전정복 7편,guides,,02_복무,UNSPECIFIED,UNSPECIFIED,SECONDARY_SOURCE,UPDATE,MEDIUM,2026-05,0,41,4712,R-GD2 검토일 2026-05 표기 있으나 1차 출처 미표기 ; R-GD3 본문에 식별 가능한 법령명 없음,official_source_url 채우기,P1
guides:travel-expense-complete-8,/guides/travel-expense-complete-8,출장여비 신청·정산 서류 작성법 — 왕초보 완전정복 8편,guides,,02_복무,UNSPECIFIED,UNSPECIFIED,SECONDARY_SOURCE,UPDATE,MEDIUM,2026-05,0,12,4564,R-GD2 검토일 2026-05 표기 있으나 1차 출처 미표기 ; R-GD3 본문에 식별 가능한 법령명 없음,official_source_url 채우기,P1
guides:travel-expense-guide,/guides/travel-expense-guide,출장 여비 청구 가이드,guides,,02_복무,UNSPECIFIED,UNSPECIFIED,UNVERIFIED,UPDATE,MEDIUM,,0,4,1913,R-GD1 검증 표면 없음(검증배지·검토일 부재),guides에도 authority metadata 표면 적용,P1
guides:year-end-settlement-guide,/guides/year-end-settlement-guide,연말정산 완벽 가이드,guides,,04_예산회계,UNSPECIFIED,UNSPECIFIED,UNVERIFIED,UPDATE,MEDIUM,,0,5,2551,R-GD1 검증 표면 없음(검증배지·검토일 부재) ; R-GD3 본문에 식별 가능한 법령명 없음 ; R-S2 meta description 부재/과단,guides에도 authority metadata 표면 적용,P1
tools:budget-estimator,/tools/budget-estimator,소요예산 추정기,tools,,04_예산회계,UNSPECIFIED,LOCAL,SILMU_INTERPRETATION,UPDATE,MEDIUM,,0,6,2444,R-TL1 계산·판단 결과에 기준일/근거 버전 표기 없음,도구에 기준일·근거조문·개정 반영일 표면 추가,P1
tools:estimated-price,/tools/estimated-price,추정가격 계산기 — 예정가격·수의계약 기준금액 자동 산출,tools,,05_계약조달,UNSPECIFIED,LOCAL,SILMU_INTERPRETATION,UPDATE,MEDIUM,,0,563,2576,R-TL1 계산·판단 결과에 기준일/근거 버전 표기 없음,도구에 기준일·근거조문·개정 반영일 표면 추가,P1
tools:official-document,/tools/official-document,공문서 AI 작성 도우미,tools,,99_미분류,UNSPECIFIED,UNSPECIFIED,SILMU_INTERPRETATION,UPDATE,MEDIUM,,0,8,1800,R-TL1 계산·판단 결과에 기준일/근거 버전 표기 없음,도구에 기준일·근거조문·개정 반영일 표면 추가,P1
tools:performance-bonus-calculator,/tools/performance-bonus-calculator,성과상여금 계산기 — 지급률 입력식 상여금 계산,tools,,03_보수수당,UNSPECIFIED,UNSPECIFIED,SILMU_INTERPRETATION,UPDATE,MEDIUM,,0,2,1257,R-TL1 계산·판단 결과에 기준일/근거 버전 표기 없음,도구에 기준일·근거조문·개정 반영일 표면 추가,P1
tools:predetermined-price,/tools/predetermined-price,예정가격 복수예비가격 계산기 — 15개 예비가격·4개 추첨 시뮬레이션,tools,,05_계약조달,UNSPECIFIED,LOCAL,SILMU_INTERPRETATION,UPDATE,MEDIUM,,0,2,1373,R-TL1 계산·판단 결과에 기준일/근거 버전 표기 없음,도구에 기준일·근거조문·개정 반영일 표면 추가,P1
tools:qualification-evaluation,/tools/qualification-evaluation,적격심사·종심제 입찰률 확인 — 낙찰하한율 미달 여부 점검,tools,,99_미분류,UNSPECIFIED,LOCAL,SILMU_INTERPRETATION,UPDATE,MEDIUM,,0,5,2786,R-TL1 계산·판단 결과에 기준일/근거 버전 표기 없음,도구에 기준일·근거조문·개정 반영일 표면 추가,P1
tools:quote-review,/tools/quote-review,견적서 검토 시스템 | 실무,tools,,05_계약조달,UNSPECIFIED,LOCAL,SILMU_INTERPRETATION,UPDATE,MEDIUM,,0,563,1946,R-TL1 계산·판단 결과에 기준일/근거 버전 표기 없음 ; R-S2 meta description 부재/과단,도구에 기준일·근거조문·개정 반영일 표면 추가,P1
topics:accommodation-allowance,/topics/accommodation-allowance,출장 숙박비 처리 — 공무원 법령 근거·절차·실무사례 완전정리,topics,여비/출장,02_복무,UNSPECIFIED,BOTH,OFFICIAL_PARTIAL,UPDATE,MEDIUM,2026-06-01,0,8,11880,R-T0 법제처 딥링크 + 검증배지 + 조문 근거 보유 ; R-C1 국가/지방 규정 동시 언급 + 적용 대상 미명시 ; R-S2 meta description 부재/과단,Agency Rule Layer(COMMON_RULE + OVERRIDE)로 기관별 분기 제공,P1
topics:accounting-officers,/topics/accounting-officers,회계관계공무원 제도 — 지방계약법 근거·절차·실무사례 완전정리,topics,예산/결산,04_예산회계,UNSPECIFIED,BOTH,OFFICIAL_PARTIAL,UPDATE,MEDIUM,2026-06-04,0,6,12207,R-T0 법제처 딥링크 + 검증배지 + 조문 근거 보유 ; R-C1 국가/지방 규정 동시 언급 + 적용 대상 미명시,Agency Rule Layer(COMMON_RULE + OVERRIDE)로 기관별 분기 제공,P1
topics:additional-contract-limit,/topics/additional-contract-limit,추가계약 한도 — 지방계약법 근거·절차·실무사례 완전정리,topics,계약,05_계약조달,EDUCATION_OFFICE|PUBLIC_SCHOOL,BOTH,OFFICIAL_PARTIAL,UPDATE,MEDIUM,2026-06-03,0,2,13860,R-T0 법제처 딥링크 + 검증배지 + 조문 근거 보유 ; R-C1 국가/지방 규정 동시 언급 + 적용 대상 미명시,Agency Rule Layer(COMMON_RULE + OVERRIDE)로 기관별 분기 제공,P1
topics:advance-payment,/topics/advance-payment,선금(선급금) — 지방계약법 근거·절차·실무사례 완전정리,topics,계약,05_계약조달,EDUCATION_OFFICE|PUBLIC_SCHOOL,BOTH,OFFICIAL_PARTIAL,UPDATE,MEDIUM,2026-06-04,0,4,13651,R-T0 법제처 딥링크 + 검증배지 + 조문 근거 보유 ; R-C1 국가/지방 규정 동시 언급 + 적용 대상 미명시,Agency Rule Layer(COMMON_RULE + OVERRIDE)로 기관별 분기 제공,P1
topics:annual-leave,/topics/annual-leave,연가 — 공무원 법령 근거·절차·실무사례 완전정리,topics,복무,02_복무,EDUCATION_OFFICE|PUBLIC_SCHOOL,BOTH,OFFICIAL_PARTIAL,UPDATE,MEDIUM,2026-05-21,0,13,11364,R-T0 법제처 딥링크 + 검증배지 + 조문 근거 보유 ; R-C1 국가/지방 규정 동시 언급 + 적용 대상 미명시 ; R-B1 검토일 2026-05-21 — 3개월 이상 경과 ; R-S2 meta description 부재/과단,Agency Rule Layer(COMMON_RULE + OVERRIDE)로 기관별 분기 제공 ; 재검증 주기 정책 적용,P1
topics:audit-immunity,/topics/audit-immunity,감사 면책제도 (적극행정 보호장치) — 공무원 법령 근거·절차·실무사례 완전정리,topics,복무,02_복무,UNSPECIFIED,BOTH,OFFICIAL_PARTIAL,UPDATE,MEDIUM,2026-05-04,0,2,8447,R-T0 법제처 딥링크 + 검증배지 + 조문 근거 보유 ; R-C1 국가/지방 규정 동시 언급 + 적용 대상 미명시 ; R-B1 검토일 2026-05-04 — 3개월 이상 경과,Agency Rule Layer(COMMON_RULE + OVERRIDE)로 기관별 분기 제공 ; 재검증 주기 정책 적용,P1
topics:bid-announcement,/topics/bid-announcement,입찰공고 — 지방계약법 근거·절차·실무사례 완전정리,topics,계약,05_계약조달,EDUCATION_OFFICE|PUBLIC_SCHOOL,BOTH,OFFICIAL_PARTIAL,UPDATE,MEDIUM,2026-06-15,0,5,11588,R-T0 법제처 딥링크 + 검증배지 + 조문 근거 보유 ; R-C1 국가/지방 규정 동시 언급 + 적용 대상 미명시,Agency Rule Layer(COMMON_RULE + OVERRIDE)로 기관별 분기 제공,P1
topics:bid-deposit,/topics/bid-deposit,입찰보증금 — 지방계약법 근거·절차·실무사례 완전정리,topics,계약,05_계약조달,EDUCATION_OFFICE|PUBLIC_SCHOOL,BOTH,OFFICIAL_PARTIAL,UPDATE,MEDIUM,2026-06-04,0,5,13549,R-T0 법제처 딥링크 + 검증배지 + 조문 근거 보유 ; R-C1 국가/지방 규정 동시 언급 + 적용 대상 미명시,Agency Rule Layer(COMMON_RULE + OVERRIDE)로 기관별 분기 제공,P1
topics:bid-failure-negotiation,/topics/bid-failure-negotiation,유찰 후 수의계약 — 지방계약법 근거·절차·실무사례 완전정리,topics,계약,05_계약조달,EDUCATION_OFFICE|PUBLIC_SCHOOL,BOTH,OFFICIAL_PARTIAL,UPDATE,MEDIUM,2026-04-29,0,5,12219,R-T0 법제처 딥링크 + 검증배지 + 조문 근거 보유 ; R-C1 국가/지방 규정 동시 언급 + 적용 대상 미명시 ; R-B1 검토일 2026-04-29 — 3개월 이상 경과 ; R-S2 meta description 부재/과단,Agency Rule Layer(COMMON_RULE + OVERRIDE)로 기관별 분기 제공 ; 재검증 주기 정책 적용,P1
topics:bid-participation-restriction,/topics/bid-participation-restriction,입찰 참가자격 제한 기준 — 지방계약법 근거·절차·실무사례 완전정리,topics,계약,05_계약조달,EDUCATION_OFFICE|PUBLIC_SCHOOL,BOTH,OFFICIAL_PARTIAL,UPDATE,MEDIUM,2026-04-29,0,3,13903,R-T0 법제처 딥링크 + 검증배지 + 조문 근거 보유 ; R-C1 국가/지방 규정 동시 언급 + 적용 대상 미명시 ; R-B1 검토일 2026-04-29 — 3개월 이상 경과,Agency Rule Layer(COMMON_RULE + OVERRIDE)로 기관별 분기 제공 ; 재검증 주기 정책 적용,P1
topics:completion-payment-checklist,/topics/completion-payment-checklist,준공 후 대금지급 전 서류 체크리스트 — 지방계약법 근거·절차·실무사례 완전정리,topics,계약,05_계약조달,EDUCATION_OFFICE|PUBLIC_SCHOOL,BOTH,OFFICIAL_PARTIAL,UPDATE,MEDIUM,2026-06-03,0,6,16458,R-T0 법제처 딥링크 + 검증배지 + 조문 근거 보유 ; R-C1 국가/지방 규정 동시 언급 + 적용 대상 미명시,Agency Rule Layer(COMMON_RULE + OVERRIDE)로 기관별 분기 제공,P1
topics:concurrent-position,/topics/concurrent-position,영리 업무 및 겸직 — 공무원 법령 근거·절차·실무사례 완전정리,topics,복무,02_복무,EDUCATION_OFFICE|PUBLIC_SCHOOL,BOTH,OFFICIAL_PARTIAL,UPDATE,MEDIUM,2026-05-21,0,15,12147,R-T0 법제처 딥링크 + 검증배지 + 조문 근거 보유 ; R-C1 국가/지방 규정 동시 언급 + 적용 대상 미명시 ; R-B1 검토일 2026-05-21 — 3개월 이상 경과,Agency Rule Layer(COMMON_RULE + OVERRIDE)로 기관별 분기 제공 ; 재검증 주기 정책 적용,P1
topics:contract-amount-adjustment,/topics/contract-amount-adjustment,계약금액 조정 사유 — 지방계약법 근거·절차·실무사례 완전정리,topics,계약,05_계약조달,EDUCATION_OFFICE|PUBLIC_SCHOOL,BOTH,OFFICIAL_PARTIAL,UPDATE,MEDIUM,2026-04-29,0,4,12447,R-T0 법제처 딥링크 + 검증배지 + 조문 근거 보유 ; R-C1 국가/지방 규정 동시 언급 + 적용 대상 미명시 ; R-B1 검토일 2026-04-29 — 3개월 이상 경과,Agency Rule Layer(COMMON_RULE + OVERRIDE)로 기관별 분기 제공 ; 재검증 주기 정책 적용,P1
topics:contract-execution,/topics/contract-execution,계약체결 — 지방계약법 근거·절차·실무사례 완전정리,topics,계약,05_계약조달,EDUCATION_OFFICE|PUBLIC_SCHOOL,BOTH,OFFICIAL_PARTIAL,UPDATE,MEDIUM,2026-06-04,0,563,12011,R-T0 법제처 딥링크 + 검증배지 + 조문 근거 보유 ; R-C1 국가/지방 규정 동시 언급 + 적용 대상 미명시,Agency Rule Layer(COMMON_RULE + OVERRIDE)로 기관별 분기 제공,P1
topics:contract-guarantee-deposit,/topics/contract-guarantee-deposit,계약보증금 — 지방계약법 근거·절차·실무사례 완전정리,topics,계약,05_계약조달,EDUCATION_OFFICE|PUBLIC_SCHOOL,BOTH,OFFICIAL_PARTIAL,UPDATE,MEDIUM,2026-06-04,0,6,13742,R-T0 법제처 딥링크 + 검증배지 + 조문 근거 보유 ; R-C1 국가/지방 규정 동시 언급 + 적용 대상 미명시,Agency Rule Layer(COMMON_RULE + OVERRIDE)로 기관별 분기 제공,P1
topics:contract-period-extension,/topics/contract-period-extension,계약기간 연장 절차 — 지방계약법 근거·절차·실무사례 완전정리,topics,계약,05_계약조달,EDUCATION_OFFICE|PUBLIC_SCHOOL,BOTH,OFFICIAL_PARTIAL,UPDATE,MEDIUM,2026-06-04,0,3,13407,R-T0 법제처 딥링크 + 검증배지 + 조문 근거 보유 ; R-C1 국가/지방 규정 동시 언급 + 적용 대상 미명시,Agency Rule Layer(COMMON_RULE + OVERRIDE)로 기관별 분기 제공,P1
topics:cost-calculation-guide,/topics/cost-calculation-guide,원가계산 체계 — 지방계약법 근거·절차·실무사례 완전정리,topics,계약,05_계약조달,EDUCATION_OFFICE|PUBLIC_SCHOOL,BOTH,OFFICIAL_PARTIAL,UPDATE,MEDIUM,2026-06-04,0,8,15605,R-T0 법제처 딥링크 + 검증배지 + 조문 근거 보유 ; R-C1 국가/지방 규정 동시 언급 + 적용 대상 미명시,Agency Rule Layer(COMMON_RULE + OVERRIDE)로 기관별 분기 제공,P1
topics:defect-warranty,/topics/defect-warranty,하자보증 — 지방계약법 근거·절차·실무사례 완전정리,topics,계약,05_계약조달,EDUCATION_OFFICE|PUBLIC_SCHOOL,BOTH,OFFICIAL_PARTIAL,UPDATE,MEDIUM,2026-06-04,0,5,12085,R-T0 법제처 딥링크 + 검증배지 + 조문 근거 보유 ; R-C1 국가/지방 규정 동시 언급 + 적용 대상 미명시,Agency Rule Layer(COMMON_RULE + OVERRIDE)로 기관별 분기 제공,P1
topics:design-change,/topics/design-change,설계변경 — 지방계약법 근거·절차·실무사례 완전정리,topics,계약,05_계약조달,EDUCATION_OFFICE|PUBLIC_SCHOOL,BOTH,OFFICIAL_PARTIAL,UPDATE,MEDIUM,2026-06-04,0,4,15119,R-T0 법제처 딥링크 + 검증배지 + 조문 근거 보유 ; R-C1 국가/지방 규정 동시 언급 + 적용 대상 미명시,Agency Rule Layer(COMMON_RULE + OVERRIDE)로 기관별 분기 제공,P1
topics:disciplinary-action,/topics/disciplinary-action,징계 — 공무원 법령 근거·절차·실무사례 완전정리,topics,복무,02_복무,UNSPECIFIED,BOTH,OFFICIAL_PARTIAL,UPDATE,MEDIUM,2026-05-21,0,14,9567,R-T0 법제처 딥링크 + 검증배지 + 조문 근거 보유 ; R-C1 국가/지방 규정 동시 언급 + 적용 대상 미명시 ; R-B1 검토일 2026-05-21 — 3개월 이상 경과 ; R-S2 meta description 부재/과단,Agency Rule Layer(COMMON_RULE + OVERRIDE)로 기관별 분기 제공 ; 재검증 주기 정책 적용,P1
topics:dual-quote,/topics/dual-quote,2인 이상 견적 — 지방계약법 근거·절차·실무사례 완전정리,topics,계약,05_계약조달,EDUCATION_OFFICE|PUBLIC_SCHOOL,BOTH,OFFICIAL_PARTIAL,UPDATE,MEDIUM,2026-04-29,0,12,12324,R-T0 법제처 딥링크 + 검증배지 + 조문 근거 보유 ; R-C1 국가/지방 규정 동시 언급 + 적용 대상 미명시 ; R-B1 검토일 2026-04-29 — 3개월 이상 경과,Agency Rule Layer(COMMON_RULE + OVERRIDE)로 기관별 분기 제공 ; 재검증 주기 정책 적용,P1
topics:e-bidding-error-faq,/topics/e-bidding-error-faq,전자입찰 오류 대응 FAQ — 지방계약법 근거·절차·실무사례 완전정리,topics,계약,05_계약조달,EDUCATION_OFFICE|PUBLIC_SCHOOL,BOTH,OFFICIAL_PARTIAL,UPDATE,MEDIUM,2026-04-29,0,4,12366,R-T0 법제처 딥링크 + 검증배지 + 조문 근거 보유 ; R-C1 국가/지방 규정 동시 언급 + 적용 대상 미명시 ; R-B1 검토일 2026-04-29 — 3개월 이상 경과,Agency Rule Layer(COMMON_RULE + OVERRIDE)로 기관별 분기 제공 ; 재검증 주기 정책 적용,P1
topics:edu-allowance-tenure-non-eligible-career,/topics/edu-allowance-tenure-non-eligible-career,정근수당 호봉 오인정 — 교육청 외 사기업·계약직 경력의 산입 금지 — 공무원 법령 근거·절차·실무사례 완전정리,topics,급여/수당,03_보수수당,UNSPECIFIED,BOTH,OFFICIAL_PARTIAL,UPDATE,MEDIUM,2026-04-29,0,5,12638,R-T0 법제처 딥링크 + 검증배지 + 조문 근거 보유 ; R-C1 국가/지방 규정 동시 언급 + 적용 대상 미명시 ; R-B1 검토일 2026-04-29 — 3개월 이상 경과,Agency Rule Layer(COMMON_RULE + OVERRIDE)로 기관별 분기 제공 ; 재검증 주기 정책 적용,P1
topics:emergency-contract,/topics/emergency-contract,긴급수의 — 지방계약법 근거·절차·실무사례 완전정리,topics,계약,05_계약조달,EDUCATION_OFFICE|PUBLIC_SCHOOL,BOTH,OFFICIAL_PARTIAL,UPDATE,MEDIUM,2026-04-29,0,10,12045,R-T0 법제처 딥링크 + 검증배지 + 조문 근거 보유 ; R-C1 국가/지방 규정 동시 언급 + 적용 대상 미명시 ; R-B1 검토일 2026-04-29 — 3개월 이상 경과,Agency Rule Layer(COMMON_RULE + OVERRIDE)로 기관별 분기 제공 ; 재검증 주기 정책 적용,P1
topics:entertainment-expense-rules,/topics/entertainment-expense-rules,업무추진비 집행기준 — 지방계약법 근거·절차·실무사례 완전정리,topics,예산/결산,04_예산회계,EDUCATION_OFFICE|PUBLIC_SCHOOL,BOTH,OFFICIAL_PARTIAL,UPDATE,MEDIUM,2026-05-21,0,16,11932,R-T0 법제처 딥링크 + 검증배지 + 조문 근거 보유 ; R-C1 국가/지방 규정 동시 언급 + 적용 대상 미명시 ; R-B1 검토일 2026-05-21 — 3개월 이상 경과,Agency Rule Layer(COMMON_RULE + OVERRIDE)로 기관별 분기 제공 ; 재검증 주기 정책 적용,P1
topics:estimated-amount,/topics/estimated-amount,추정가격·추정금액·예정가격 — 지방계약법 근거·절차·실무사례 완전정리,topics,계약,05_계약조달,EDUCATION_OFFICE|PUBLIC_SCHOOL,BOTH,OFFICIAL_PARTIAL,UPDATE,MEDIUM,2026-06-01,0,2,12250,R-T0 법제처 딥링크 + 검증배지 + 조문 근거 보유 ; R-C1 국가/지방 규정 동시 언급 + 적용 대상 미명시,Agency Rule Layer(COMMON_RULE + OVERRIDE)로 기관별 분기 제공,P1
topics:family-allowance,/topics/family-allowance,가족수당 — 공무원 법령 근거·절차·실무사례 완전정리,topics,급여/수당,03_보수수당,EDUCATION_OFFICE|PUBLIC_SCHOOL,BOTH,OFFICIAL_PARTIAL,UPDATE,MEDIUM,2026-04-29,0,14,8980,R-T0 법제처 딥링크 + 검증배지 + 조문 근거 보유 ; R-C1 국가/지방 규정 동시 언급 + 적용 대상 미명시 ; R-B1 검토일 2026-04-29 — 3개월 이상 경과,Agency Rule Layer(COMMON_RULE + OVERRIDE)로 기관별 분기 제공 ; 재검증 주기 정책 적용,P1
topics:fence-installation,/topics/fence-installation,펜스 설치 계약 — 지방계약법 근거·절차·실무사례 완전정리,topics,계약,05_계약조달,UNSPECIFIED,BOTH,OFFICIAL_PARTIAL,UPDATE,MEDIUM,2026-05-21,0,1,13138,R-T0 법제처 딥링크 + 검증배지 + 조문 근거 보유 ; R-C1 국가/지방 규정 동시 언급 + 적용 대상 미명시 ; R-B1 검토일 2026-05-21 — 3개월 이상 경과,Agency Rule Layer(COMMON_RULE + OVERRIDE)로 기관별 분기 제공 ; 재검증 주기 정책 적용,P1
topics:goods-selection-committee,/topics/goods-selection-committee,물품선정위원회 — 지방계약법 근거·절차·실무사례 완전정리,topics,계약,05_계약조달,UNSPECIFIED,BOTH,OFFICIAL_PARTIAL,UPDATE,MEDIUM,2026-06-04,0,5,14579,R-T0 법제처 딥링크 + 검증배지 + 조문 근거 보유 ; R-C1 국가/지방 규정 동시 언급 + 적용 대상 미명시,Agency Rule Layer(COMMON_RULE + OVERRIDE)로 기관별 분기 제공,P1
topics:goods-vs-service-contract,/topics/goods-vs-service-contract,물품구매 vs 용역계약 구분 — 지방계약법 근거·절차·실무사례 완전정리,topics,계약,05_계약조달,EDUCATION_OFFICE|PUBLIC_SCHOOL,BOTH,OFFICIAL_PARTIAL,UPDATE,MEDIUM,2026-06-04,0,3,15327,R-T0 법제처 딥링크 + 검증배지 + 조문 근거 보유 ; R-C1 국가/지방 규정 동시 언급 + 적용 대상 미명시,Agency Rule Layer(COMMON_RULE + OVERRIDE)로 기관별 분기 제공,P1
topics:late-penalty,/topics/late-penalty,지체상금 — 지방계약법 근거·절차·실무사례 완전정리,topics,계약,05_계약조달,EDUCATION_OFFICE|PUBLIC_SCHOOL,BOTH,OFFICIAL_PARTIAL,UPDATE,MEDIUM,2026-06-04,0,3,12790,R-T0 법제처 딥링크 + 검증배지 + 조문 근거 보유 ; R-C1 국가/지방 규정 동시 언급 + 적용 대상 미명시 ; R-S2 meta description 부재/과단,Agency Rule Layer(COMMON_RULE + OVERRIDE)로 기관별 분기 제공,P1
topics:leave-of-absence,/topics/leave-of-absence,휴직 — 공무원 법령 근거·절차·실무사례 완전정리,topics,복무,02_복무,UNSPECIFIED,BOTH,OFFICIAL_PARTIAL,UPDATE,MEDIUM,2026-05-21,0,5,11724,R-T0 법제처 딥링크 + 검증배지 + 조문 근거 보유 ; R-C1 국가/지방 규정 동시 언급 + 적용 대상 미명시 ; R-B1 검토일 2026-05-21 — 3개월 이상 경과 ; R-S2 meta description 부재/과단,Agency Rule Layer(COMMON_RULE + OVERRIDE)로 기관별 분기 제공 ; 재검증 주기 정책 적용,P1
topics:mas-contract,/topics/mas-contract,다수공급자계약(MAS)과 종합쇼핑몰 — 지방계약법 근거·절차·실무사례 완전정리,topics,계약,05_계약조달,EDUCATION_OFFICE|PUBLIC_SCHOOL,BOTH,OFFICIAL_PARTIAL,UPDATE,MEDIUM,2026-06-04,0,3,12983,R-T0 법제처 딥링크 + 검증배지 + 조문 근거 보유 ; R-C1 국가/지방 규정 동시 언급 + 적용 대상 미명시,Agency Rule Layer(COMMON_RULE + OVERRIDE)로 기관별 분기 제공,P1
topics:official-leave,/topics/official-leave,공가 — 공무원 법령 근거·절차·실무사례 완전정리,topics,복무,02_복무,UNSPECIFIED,BOTH,OFFICIAL_PARTIAL,UPDATE,MEDIUM,2026-05-21,0,14,9330,R-T0 법제처 딥링크 + 검증배지 + 조문 근거 보유 ; R-C1 국가/지방 규정 동시 언급 + 적용 대상 미명시 ; R-B1 검토일 2026-05-21 — 3개월 이상 경과,Agency Rule Layer(COMMON_RULE + OVERRIDE)로 기관별 분기 제공 ; 재검증 주기 정책 적용,P1
topics:overtime-allowance,/topics/overtime-allowance,시간외근무수당 — 공무원 법령 근거·절차·실무사례 완전정리,topics,급여/수당,03_보수수당,UNSPECIFIED,BOTH,OFFICIAL_PARTIAL,UPDATE,MEDIUM,2026-05-21,0,9,11630,R-T0 법제처 딥링크 + 검증배지 + 조문 근거 보유 ; R-C1 국가/지방 규정 동시 언급 + 적용 대상 미명시 ; R-B1 검토일 2026-05-21 — 3개월 이상 경과,Agency Rule Layer(COMMON_RULE + OVERRIDE)로 기관별 분기 제공 ; 재검증 주기 정책 적용,P1
topics:parental-leave,/topics/parental-leave,육아휴직 — 공무원 법령 근거·절차·실무사례 완전정리,topics,복무,02_복무,UNSPECIFIED,BOTH,OFFICIAL_PARTIAL,UPDATE,MEDIUM,2026-05-21,0,13,11167,R-T0 법제처 딥링크 + 검증배지 + 조문 근거 보유 ; R-C1 국가/지방 규정 동시 언급 + 적용 대상 미명시 ; R-B1 검토일 2026-05-21 — 3개월 이상 경과 ; R-S2 meta description 부재/과단,Agency Rule Layer(COMMON_RULE + OVERRIDE)로 기관별 분기 제공 ; 재검증 주기 정책 적용,P1
topics:penalty-reduction-procedure,/topics/penalty-reduction-procedure,지체상금 감면 절차 — 지방계약법 근거·절차·실무사례 완전정리,topics,계약,05_계약조달,EDUCATION_OFFICE|PUBLIC_SCHOOL,BOTH,OFFICIAL_PARTIAL,UPDATE,MEDIUM,2026-06-04,0,3,14034,R-T0 법제처 딥링크 + 검증배지 + 조문 근거 보유 ; R-C1 국가/지방 규정 동시 언급 + 적용 대상 미명시,Agency Rule Layer(COMMON_RULE + OVERRIDE)로 기관별 분기 제공,P1
topics:performance-guarantee,/topics/performance-guarantee,이행보증 — 지방계약법 근거·절차·실무사례 완전정리,topics,계약,05_계약조달,EDUCATION_OFFICE|PUBLIC_SCHOOL,BOTH,OFFICIAL_PARTIAL,UPDATE,MEDIUM,2026-06-04,0,4,13784,R-T0 법제처 딥링크 + 검증배지 + 조문 근거 보유 ; R-C1 국가/지방 규정 동시 언급 + 적용 대상 미명시,Agency Rule Layer(COMMON_RULE + OVERRIDE)로 기관별 분기 제공,P1
topics:position-suspension,/topics/position-suspension,직위해제 — 공무원 법령 근거·절차·실무사례 완전정리,topics,복무,02_복무,UNSPECIFIED,BOTH,OFFICIAL_PARTIAL,UPDATE,MEDIUM,2026-05-30,0,6,11785,R-T0 법제처 딥링크 + 검증배지 + 조문 근거 보유 ; R-C1 국가/지방 규정 동시 언급 + 적용 대상 미명시 ; R-B1 검토일 2026-05-30 — 3개월 이상 경과,Agency Rule Layer(COMMON_RULE + OVERRIDE)로 기관별 분기 제공 ; 재검증 주기 정책 적용,P1
topics:price-escalation,/topics/price-escalation,물가변동 — 지방계약법 근거·절차·실무사례 완전정리,topics,계약,05_계약조달,EDUCATION_OFFICE|PUBLIC_SCHOOL,BOTH,OFFICIAL_PARTIAL,UPDATE,MEDIUM,2026-06-04,0,5,14200,R-T0 법제처 딥링크 + 검증배지 + 조문 근거 보유 ; R-C1 국가/지방 규정 동시 언급 + 적용 대상 미명시,Agency Rule Layer(COMMON_RULE + OVERRIDE)로 기관별 분기 제공,P1
topics:private-contract-amount,/topics/private-contract-amount,수의계약 금액 — 지방계약법 근거·절차·실무사례 완전정리,topics,계약,05_계약조달,EDUCATION_OFFICE|PUBLIC_SCHOOL,BOTH,OFFICIAL_PARTIAL,UPDATE,MEDIUM,2026-06-04,0,11,13921,R-T0 법제처 딥링크 + 검증배지 + 조문 근거 보유 ; R-C1 국가/지방 규정 동시 언급 + 적용 대상 미명시,Agency Rule Layer(COMMON_RULE + OVERRIDE)로 기관별 분기 제공,P1
topics:private-contract-justification,/topics/private-contract-justification,수의계약 사유서 작성법 — 지방계약법 근거·절차·실무사례 완전정리,topics,계약,05_계약조달,EDUCATION_OFFICE|PUBLIC_SCHOOL,BOTH,OFFICIAL_PARTIAL,UPDATE,MEDIUM,2026-06-05,0,5,16660,R-T0 법제처 딥링크 + 검증배지 + 조문 근거 보유 ; R-C1 국가/지방 규정 동시 언급 + 적용 대상 미명시,Agency Rule Layer(COMMON_RULE + OVERRIDE)로 기관별 분기 제공,P1
topics:private-contract-limit,/topics/private-contract-limit,수의계약 한도 — 지방계약법 근거·절차·실무사례 완전정리,topics,계약,05_계약조달,EDUCATION_OFFICE|PUBLIC_SCHOOL,BOTH,OFFICIAL_PARTIAL,UPDATE,MEDIUM,2026-04-29,0,11,12287,R-T0 법제처 딥링크 + 검증배지 + 조문 근거 보유 ; R-C1 국가/지방 규정 동시 언급 + 적용 대상 미명시 ; R-B1 검토일 2026-04-29 — 3개월 이상 경과,Agency Rule Layer(COMMON_RULE + OVERRIDE)로 기관별 분기 제공 ; 재검증 주기 정책 적용,P1
topics:quote-collection-guide,/topics/quote-collection-guide,비교견적서 수집 방법 — 지방계약법 근거·절차·실무사례 완전정리,topics,계약,05_계약조달,EDUCATION_OFFICE|PUBLIC_SCHOOL,BOTH,OFFICIAL_PARTIAL,UPDATE,MEDIUM,2026-04-29,0,4,16454,R-T0 법제처 딥링크 + 검증배지 + 조문 근거 보유 ; R-C1 국가/지방 규정 동시 언급 + 적용 대상 미명시 ; R-B1 검토일 2026-04-29 — 3개월 이상 경과,Agency Rule Layer(COMMON_RULE + OVERRIDE)로 기관별 분기 제공 ; 재검증 주기 정책 적용,P1
topics:reinstatement,/topics/reinstatement,복직 — 공무원 법령 근거·절차·실무사례 완전정리,topics,복무,02_복무,UNSPECIFIED,BOTH,OFFICIAL_PARTIAL,UPDATE,MEDIUM,2026-05-21,0,8,12214,R-T0 법제처 딥링크 + 검증배지 + 조문 근거 보유 ; R-C1 국가/지방 규정 동시 언급 + 적용 대상 미명시 ; R-B1 검토일 2026-05-21 — 3개월 이상 경과 ; R-S2 meta description 부재/과단,Agency Rule Layer(COMMON_RULE + OVERRIDE)로 기관별 분기 제공 ; 재검증 주기 정책 적용,P1
topics:secondment,/topics/secondment,파견 — 공무원 법령 근거·절차·실무사례 완전정리,topics,복무,02_복무,UNSPECIFIED,BOTH,OFFICIAL_PARTIAL,UPDATE,MEDIUM,2026-05-21,0,7,8434,R-T0 법제처 딥링크 + 검증배지 + 조문 근거 보유 ; R-C1 국가/지방 규정 동시 언급 + 적용 대상 미명시 ; R-B1 검토일 2026-05-21 — 3개월 이상 경과 ; R-S2 meta description 부재/과단,Agency Rule Layer(COMMON_RULE + OVERRIDE)로 기관별 분기 제공 ; 재검증 주기 정책 적용,P1
topics:sick-leave,/topics/sick-leave,병가 — 공무원 법령 근거·절차·실무사례 완전정리,topics,복무,02_복무,EDUCATION_OFFICE|PUBLIC_SCHOOL,BOTH,OFFICIAL_PARTIAL,UPDATE,MEDIUM,2026-05-21,0,14,11161,R-T0 법제처 딥링크 + 검증배지 + 조문 근거 보유 ; R-C1 국가/지방 규정 동시 언급 + 적용 대상 미명시 ; R-B1 검토일 2026-05-21 — 3개월 이상 경과 ; R-S2 meta description 부재/과단,Agency Rule Layer(COMMON_RULE + OVERRIDE)로 기관별 분기 제공 ; 재검증 주기 정책 적용,P1
topics:single-quote,/topics/single-quote,1인견적 — 지방계약법 근거·절차·실무사례 완전정리,topics,계약,05_계약조달,EDUCATION_OFFICE|PUBLIC_SCHOOL,BOTH,OFFICIAL_PARTIAL,UPDATE,MEDIUM,2026-06-04,0,45,12611,R-T0 법제처 딥링크 + 검증배지 + 조문 근거 보유 ; R-C1 국가/지방 규정 동시 언급 + 적용 대상 미명시,Agency Rule Layer(COMMON_RULE + OVERRIDE)로 기관별 분기 제공,P1
topics:small-amount-contract,/topics/small-amount-contract,소액수의 — 지방계약법 근거·절차·실무사례 완전정리,topics,계약,05_계약조달,EDUCATION_OFFICE|PUBLIC_SCHOOL,BOTH,OFFICIAL_PARTIAL,UPDATE,MEDIUM,2026-06-04,0,55,12818,R-T0 법제처 딥링크 + 검증배지 + 조문 근거 보유 ; R-C1 국가/지방 규정 동시 언급 + 적용 대상 미명시,Agency Rule Layer(COMMON_RULE + OVERRIDE)로 기관별 분기 제공,P1
topics:special-leave,/topics/special-leave,특별휴가 — 공무원 법령 근거·절차·실무사례 완전정리,topics,복무,02_복무,EDUCATION_OFFICE|PUBLIC_SCHOOL,BOTH,OFFICIAL_PARTIAL,UPDATE,MEDIUM,2026-06-16,0,3,10079,R-T0 법제처 딥링크 + 검증배지 + 조문 근거 보유 ; R-C1 국가/지방 규정 동시 언급 + 적용 대상 미명시 ; R-S2 meta description 부재/과단,Agency Rule Layer(COMMON_RULE + OVERRIDE)로 기관별 분기 제공,P1
topics:split-contract,/topics/split-contract,분할계약 금지 — 지방계약법 근거·절차·실무사례 완전정리,topics,계약,05_계약조달,EDUCATION_OFFICE|PUBLIC_SCHOOL,BOTH,OFFICIAL_PARTIAL,UPDATE,MEDIUM,2026-06-04,0,6,11364,R-T0 법제처 딥링크 + 검증배지 + 조문 근거 보유 ; R-C1 국가/지방 규정 동시 언급 + 적용 대상 미명시 ; R-S2 meta description 부재/과단,Agency Rule Layer(COMMON_RULE + OVERRIDE)로 기관별 분기 제공,P1
topics:split-contract-prohibition,/topics/split-contract-prohibition,분할발주 금지 — 지방계약법 근거·절차·실무사례 완전정리,topics,계약,05_계약조달,EDUCATION_OFFICE|PUBLIC_SCHOOL,BOTH,OFFICIAL_PARTIAL,UPDATE,MEDIUM,2026-06-04,0,18,15852,R-T0 법제처 딥링크 + 검증배지 + 조문 근거 보유 ; R-C1 국가/지방 규정 동시 언급 + 적용 대상 미명시,Agency Rule Layer(COMMON_RULE + OVERRIDE)로 기관별 분기 제공,P1
topics:travel-expense,/topics/travel-expense,출장비 — 공무원 법령 근거·절차·실무사례 완전정리,topics,여비/출장,02_복무,EDUCATION_OFFICE|PUBLIC_SCHOOL,BOTH,OFFICIAL_PARTIAL,UPDATE,MEDIUM,2026-04-29,0,563,13028,R-T0 법제처 딥링크 + 검증배지 + 조문 근거 보유 ; R-C1 국가/지방 규정 동시 언급 + 적용 대상 미명시 ; R-B1 검토일 2026-04-29 — 3개월 이상 경과,Agency Rule Layer(COMMON_RULE + OVERRIDE)로 기관별 분기 제공 ; 재검증 주기 정책 적용,P1
topics:travel-expense-settlement,/topics/travel-expense-settlement,여비정산 — 공무원 법령 근거·절차·실무사례 완전정리,topics,여비/출장,02_복무,UNSPECIFIED,BOTH,OFFICIAL_PARTIAL,UPDATE,MEDIUM,2026-05-21,0,7,9589,R-T0 법제처 딥링크 + 검증배지 + 조문 근거 보유 ; R-C1 국가/지방 규정 동시 언급 + 적용 대상 미명시 ; R-B1 검토일 2026-05-21 — 3개월 이상 경과,Agency Rule Layer(COMMON_RULE + OVERRIDE)로 기관별 분기 제공 ; 재검증 주기 정책 적용,P1
topics:vehicle-travel-allowance,/topics/vehicle-travel-allowance,자가용 출장 여비 — 공무원 법령 근거·절차·실무사례 완전정리,topics,여비/출장,02_복무,UNSPECIFIED,BOTH,OFFICIAL_PARTIAL,UPDATE,MEDIUM,2026-05-21,0,9,10673,R-T0 법제처 딥링크 + 검증배지 + 조문 근거 보유 ; R-C1 국가/지방 규정 동시 언급 + 적용 대상 미명시 ; R-B1 검토일 2026-05-21 — 3개월 이상 경과 ; R-S2 meta description 부재/과단,Agency Rule Layer(COMMON_RULE + OVERRIDE)로 기관별 분기 제공 ; 재검증 주기 정책 적용,P1
topics:welfare-point,/topics/welfare-point,공무원 복지포인트 — 공무원 법령 근거·절차·실무사례 완전정리,topics,급여/수당,03_보수수당,LOCAL_GOVERNMENT,BOTH,OFFICIAL_PARTIAL,UPDATE,MEDIUM,2026-05-21,0,8,8934,R-T0 법제처 딥링크 + 검증배지 + 조문 근거 보유 ; R-C1 국가/지방 규정 동시 언급 + 적용 대상 미명시 ; R-B1 검토일 2026-05-21 — 3개월 이상 경과,Agency Rule Layer(COMMON_RULE + OVERRIDE)로 기관별 분기 제공 ; 재검증 주기 정책 적용,P1
topics:year-end-settlement,/topics/year-end-settlement,연말정산 — 공무원 법령 근거·절차·실무사례 완전정리,topics,급여/수당,03_보수수당,EDUCATION_OFFICE|PUBLIC_SCHOOL,BOTH,OFFICIAL_PARTIAL,UPDATE,MEDIUM,2026-06-04,0,5,13814,R-T0 법제처 딥링크 + 검증배지 + 조문 근거 보유 ; R-C1 국가/지방 규정 동시 언급 + 적용 대상 미명시,Agency Rule Layer(COMMON_RULE + OVERRIDE)로 기관별 분기 제공,P1
guides:budget-carryover-guide,/guides/budget-carryover-guide,예산 이월 실무 가이드,guides,,04_예산회계,UNSPECIFIED,LOCAL,SECONDARY_SOURCE,UPDATE,LOW,2026-06,0,4,2180,R-GD2 검토일 2026-06 표기 있으나 1차 출처 미표기,official_source_url 채우기,P2
guides:budget-execution-complete-1,/guides/budget-execution-complete-1,예산 집행이란 무엇인가 — 왕초보 완전정복 1편,guides,,04_예산회계,UNSPECIFIED,UNSPECIFIED,SECONDARY_SOURCE,UPDATE,LOW,2026-05,0,13,4766,R-GD2 검토일 2026-05 표기 있으나 1차 출처 미표기,official_source_url 채우기,P2
guides:budget-execution-complete-10,/guides/budget-execution-complete-10,Q&A 20문항 총정리 — 왕초보 완전정복 10편,guides,,04_예산회계,UNSPECIFIED,UNSPECIFIED,SECONDARY_SOURCE,MERGE,LOW,2026-05,0,12,5181,R-GD2 검토일 2026-05 표기 있으나 1차 출처 미표기 ; R-I1 <title> 완전 중복 — 검색 카니벌라이제이션,official_source_url 채우기 ; 제목 차별화 또는 통합,P2
guides:budget-execution-complete-2,/guides/budget-execution-complete-2,지출원인행위 완전정복 — 왕초보 완전정복 2편,guides,,04_예산회계,UNSPECIFIED,UNSPECIFIED,SECONDARY_SOURCE,UPDATE,LOW,2026-05,0,16,4465,R-GD2 검토일 2026-05 표기 있으나 1차 출처 미표기,official_source_url 채우기,P2
guides:budget-execution-complete-3,/guides/budget-execution-complete-3,지출 품의·결의 서류 작성법 — 왕초보 완전정복 3편,guides,,04_예산회계,UNSPECIFIED,UNSPECIFIED,SECONDARY_SOURCE,UPDATE,LOW,2026-05,0,13,4492,R-GD2 검토일 2026-05 표기 있으나 1차 출처 미표기,official_source_url 채우기,P2
guides:budget-execution-complete-4,/guides/budget-execution-complete-4,재무관 확인 의무 체크리스트 — 왕초보 완전정복 4편,guides,,04_예산회계,UNSPECIFIED,UNSPECIFIED,SECONDARY_SOURCE,UPDATE,LOW,2026-05,0,15,4601,R-GD2 검토일 2026-05 표기 있으나 1차 출처 미표기,official_source_url 채우기,P2
guides:budget-execution-complete-5,/guides/budget-execution-complete-5,선집행(사전 집행) 절대 금지 원칙 — 왕초보 완전정복 5편,guides,,04_예산회계,UNSPECIFIED,UNSPECIFIED,SECONDARY_SOURCE,UPDATE,LOW,2026-05,0,12,4908,R-GD2 검토일 2026-05 표기 있으나 1차 출처 미표기,official_source_url 채우기,P2
guides:budget-execution-complete-6,/guides/budget-execution-complete-6,예산과목(목) 오류 방지 가이드 — 왕초보 완전정복 6편,guides,,04_예산회계,UNSPECIFIED,UNSPECIFIED,SECONDARY_SOURCE,UPDATE,LOW,2026-05,0,12,4869,R-GD2 검토일 2026-05 표기 있으나 1차 출처 미표기,official_source_url 채우기,P2
guides:budget-execution-complete-7,/guides/budget-execution-complete-7,예비비 사용 완전정복 — 왕초보 완전정복 7편,guides,,04_예산회계,UNSPECIFIED,UNSPECIFIED,SECONDARY_SOURCE,UPDATE,LOW,2026-05,0,13,4520,R-GD2 검토일 2026-05 표기 있으나 1차 출처 미표기,official_source_url 채우기,P2
guides:budget-execution-complete-8,/guides/budget-execution-complete-8,예산 이월·불용 처리 실무 — 왕초보 완전정복 8편,guides,,04_예산회계,UNSPECIFIED,UNSPECIFIED,SECONDARY_SOURCE,UPDATE,LOW,2026-05,0,14,4520,R-GD2 검토일 2026-05 표기 있으나 1차 출처 미표기,official_source_url 채우기,P2
guides:budget-execution-complete-9,/guides/budget-execution-complete-9,예산집행 감사 지적 사례 TOP 10 — 왕초보 완전정복 9편,guides,,04_예산회계,UNSPECIFIED,UNSPECIFIED,SECONDARY_SOURCE,UPDATE,LOW,2026-05,0,25,4438,R-GD2 검토일 2026-05 표기 있으나 1차 출처 미표기,official_source_url 채우기,P2
guides:budget-planning-complete-1,/guides/budget-planning-complete-1,예산편성이란 무엇인가 — 기초 개념 완전정복 1편,guides,,04_예산회계,UNSPECIFIED,UNSPECIFIED,SECONDARY_SOURCE,UPDATE,LOW,2026-05,0,12,4332,R-GD2 검토일 2026-05 표기 있으나 1차 출처 미표기,official_source_url 채우기,P2
guides:budget-planning-complete-10,/guides/budget-planning-complete-10,Q&A 20문항 총정리 — 예산편성 완전정복 10편,guides,,04_예산회계,UNSPECIFIED,UNSPECIFIED,SECONDARY_SOURCE,UPDATE,LOW,2026-05,0,12,5324,R-GD2 검토일 2026-05 표기 있으나 1차 출처 미표기 ; R-I2 유사 주제 클러스터 — 통합 검토,official_source_url 채우기,P2
guides:budget-planning-complete-2,/guides/budget-planning-complete-2,행안부 예산편성 운영기준 완벽 정리 — 예산편성 완전정복 2편,guides,,04_예산회계,UNSPECIFIED,UNSPECIFIED,SECONDARY_SOURCE,UPDATE,LOW,2026-05,0,89,4413,R-GD2 검토일 2026-05 표기 있으나 1차 출처 미표기,official_source_url 채우기,P2
guides:budget-planning-complete-3,/guides/budget-planning-complete-3,세입예산 편성 실무 — 예산편성 완전정복 3편,guides,,04_예산회계,UNSPECIFIED,UNSPECIFIED,SECONDARY_SOURCE,UPDATE,LOW,2026-05,0,13,4379,R-GD2 검토일 2026-05 표기 있으나 1차 출처 미표기,official_source_url 채우기,P2
guides:budget-planning-complete-4,/guides/budget-planning-complete-4,세출예산 편성 실무 — 예산편성 완전정복 4편,guides,,04_예산회계,UNSPECIFIED,UNSPECIFIED,SECONDARY_SOURCE,UPDATE,LOW,2026-05,0,16,4598,R-GD2 검토일 2026-05 표기 있으나 1차 출처 미표기,official_source_url 채우기,P2
guides:budget-planning-complete-5,/guides/budget-planning-complete-5,인건비 편성 완전정복 — 예산편성 완전정복 5편,guides,,04_예산회계,UNSPECIFIED,UNSPECIFIED,SECONDARY_SOURCE,UPDATE,LOW,2026-05,0,13,4590,R-GD2 검토일 2026-05 표기 있으나 1차 출처 미표기,official_source_url 채우기,P2
guides:budget-planning-complete-6,/guides/budget-planning-complete-6,경상적 경비 편성 실무 — 예산편성 완전정복 6편,guides,,04_예산회계,UNSPECIFIED,UNSPECIFIED,SECONDARY_SOURCE,UPDATE,LOW,2026-05,0,13,4482,R-GD2 검토일 2026-05 표기 있으나 1차 출처 미표기,official_source_url 채우기,P2
guides:budget-planning-complete-7,/guides/budget-planning-complete-7,자본지출 편성 실무 — 예산편성 완전정복 7편,guides,,04_예산회계,UNSPECIFIED,UNSPECIFIED,SECONDARY_SOURCE,UPDATE,LOW,2026-05,0,15,4522,R-GD2 검토일 2026-05 표기 있으나 1차 출처 미표기,official_source_url 채우기,P2
guides:budget-planning-complete-8,/guides/budget-planning-complete-8,국고보조사업 예산편성 — 예산편성 완전정복 8편,guides,,04_예산회계,UNSPECIFIED,UNSPECIFIED,SECONDARY_SOURCE,UPDATE,LOW,2026-05,0,13,4478,R-GD2 검토일 2026-05 표기 있으나 1차 출처 미표기,official_source_url 채우기,P2
guides:budget-planning-complete-9,/guides/budget-planning-complete-9,예산편성 감사 지적 사례 TOP10 — 예산편성 완전정복 9편,guides,,04_예산회계,UNSPECIFIED,UNSPECIFIED,SECONDARY_SOURCE,UPDATE,LOW,2026-05,0,15,4359,R-GD2 검토일 2026-05 표기 있으나 1차 출처 미표기,official_source_url 채우기,P2
guides:construction-contract-complete-1,/guides/construction-contract-complete-1,공사계약이란 무엇인가 — 왕초보 완전정복 1편,guides,,05_계약조달,UNSPECIFIED,UNSPECIFIED,SECONDARY_SOURCE,UPDATE,LOW,2026-05,0,12,4793,R-GD2 검토일 2026-05 표기 있으나 1차 출처 미표기,official_source_url 채우기,P2
guides:construction-contract-complete-10,/guides/construction-contract-complete-10,Q&A 20문항 총정리 — 왕초보 완전정복 10편,guides,,05_계약조달,UNSPECIFIED,UNSPECIFIED,SECONDARY_SOURCE,MERGE,LOW,2026-05,0,12,5635,R-GD2 검토일 2026-05 표기 있으나 1차 출처 미표기 ; R-I1 <title> 완전 중복 — 검색 카니벌라이제이션,official_source_url 채우기 ; 제목 차별화 또는 통합,P2
guides:construction-contract-complete-2,/guides/construction-contract-complete-2,공사 발주 준비 — 왕초보 완전정복 2편,guides,,05_계약조달,UNSPECIFIED,UNSPECIFIED,SECONDARY_SOURCE,UPDATE,LOW,2026-05,0,12,4478,R-GD2 검토일 2026-05 표기 있으나 1차 출처 미표기,official_source_url 채우기,P2
guides:construction-contract-complete-3,/guides/construction-contract-complete-3,공사 입찰 실무 — 왕초보 완전정복 3편,guides,,05_계약조달,UNSPECIFIED,UNSPECIFIED,SECONDARY_SOURCE,UPDATE,LOW,2026-05,0,12,4723,R-GD2 검토일 2026-05 표기 있으나 1차 출처 미표기,official_source_url 채우기,P2
guides:construction-contract-complete-4,/guides/construction-contract-complete-4,착공 전 준비사항 — 왕초보 완전정복 4편,guides,,05_계약조달,UNSPECIFIED,UNSPECIFIED,SECONDARY_SOURCE,UPDATE,LOW,2026-05,0,12,4469,R-GD2 검토일 2026-05 표기 있으나 1차 출처 미표기,official_source_url 채우기,P2
guides:construction-contract-complete-5,/guides/construction-contract-complete-5,공사 기성금 실무 — 왕초보 완전정복 5편,guides,,05_계약조달,UNSPECIFIED,UNSPECIFIED,SECONDARY_SOURCE,UPDATE,LOW,2026-05,0,13,4641,R-GD2 검토일 2026-05 표기 있으나 1차 출처 미표기,official_source_url 채우기,P2
guides:construction-contract-complete-6,/guides/construction-contract-complete-6,설계변경 완전정복 — 왕초보 완전정복 6편,guides,,05_계약조달,UNSPECIFIED,UNSPECIFIED,SECONDARY_SOURCE,UPDATE,LOW,2026-05,0,13,4411,R-GD2 검토일 2026-05 표기 있으나 1차 출처 미표기,official_source_url 채우기,P2
guides:construction-contract-complete-7,/guides/construction-contract-complete-7,공사기간 연장 실무 — 왕초보 완전정복 7편,guides,,05_계약조달,UNSPECIFIED,UNSPECIFIED,SECONDARY_SOURCE,UPDATE,LOW,2026-05,0,13,4486,R-GD2 검토일 2026-05 표기 있으나 1차 출처 미표기,official_source_url 채우기,P2
guides:construction-contract-complete-8,/guides/construction-contract-complete-8,준공검사 완전정복 — 왕초보 완전정복 8편,guides,,05_계약조달,UNSPECIFIED,UNSPECIFIED,SECONDARY_SOURCE,UPDATE,LOW,2026-05,0,14,4719,R-GD2 검토일 2026-05 표기 있으나 1차 출처 미표기,official_source_url 채우기,P2
guides:construction-contract-complete-9,/guides/construction-contract-complete-9,공사계약 감사 지적 사례 TOP10 — 왕초보 완전정복 9편,guides,,05_계약조달,UNSPECIFIED,UNSPECIFIED,SECONDARY_SOURCE,UPDATE,LOW,2026-05,0,12,4612,R-GD2 검토일 2026-05 표기 있으나 1차 출처 미표기,official_source_url 채우기,P2
guides:dual-quote-guide,/guides/dual-quote-guide,2인 이상 견적 수의계약 가이드,guides,,05_계약조달,UNSPECIFIED,LOCAL,SECONDARY_SOURCE,UPDATE,LOW,2026-06,0,2,2525,R-GD2 검토일 2026-06 표기 있으나 1차 출처 미표기,official_source_url 채우기,P2
guides:emergency-contract-guide,/guides/emergency-contract-guide,긴급계약 체결 가이드,guides,,05_계약조달,UNSPECIFIED,LOCAL,SECONDARY_SOURCE,UPDATE,LOW,2026-06,0,2,2582,R-GD2 검토일 2026-06 표기 있으나 1차 출처 미표기,official_source_url 채우기,P2
guides:hr-welfare-complete-1,/guides/hr-welfare-complete-1,공무원 인사 기초 — 왕초보 완전정복 1편,guides,,99_미분류,UNSPECIFIED,UNSPECIFIED,SECONDARY_SOURCE,UPDATE,LOW,2026-05,0,12,4256,R-GD2 검토일 2026-05 표기 있으나 1차 출처 미표기,official_source_url 채우기,P2
guides:hr-welfare-complete-10,/guides/hr-welfare-complete-10,Q&A 20문항 총정리 — 왕초보 완전정복 10편,guides,,99_미분류,UNSPECIFIED,UNSPECIFIED,SECONDARY_SOURCE,MERGE,LOW,2026-05,0,15,5608,R-GD2 검토일 2026-05 표기 있으나 1차 출처 미표기 ; R-I1 <title> 완전 중복 — 검색 카니벌라이제이션,official_source_url 채우기 ; 제목 차별화 또는 통합,P2
guides:hr-welfare-complete-2,/guides/hr-welfare-complete-2,연가 완전정복 — 왕초보 완전정복 2편,guides,,99_미분류,UNSPECIFIED,UNSPECIFIED,SECONDARY_SOURCE,UPDATE,LOW,2026-05,0,13,4341,R-GD2 검토일 2026-05 표기 있으나 1차 출처 미표기,official_source_url 채우기,P2
guides:hr-welfare-complete-3,/guides/hr-welfare-complete-3,병가·특별휴가 완전정복 — 왕초보 완전정복 3편,guides,,99_미분류,UNSPECIFIED,UNSPECIFIED,SECONDARY_SOURCE,UPDATE,LOW,2026-05,0,14,4469,R-GD2 검토일 2026-05 표기 있으나 1차 출처 미표기,official_source_url 채우기,P2
guides:hr-welfare-complete-4,/guides/hr-welfare-complete-4,공가·외출·조퇴 완전정복 — 왕초보 완전정복 4편,guides,,99_미분류,UNSPECIFIED,UNSPECIFIED,SECONDARY_SOURCE,UPDATE,LOW,2026-05,0,13,4510,R-GD2 검토일 2026-05 표기 있으나 1차 출처 미표기,official_source_url 채우기,P2
guides:hr-welfare-complete-5,/guides/hr-welfare-complete-5,휴직 완전정복 — 왕초보 완전정복 5편,guides,,99_미분류,UNSPECIFIED,UNSPECIFIED,SECONDARY_SOURCE,UPDATE,LOW,2026-05,0,13,4756,R-GD2 검토일 2026-05 표기 있으나 1차 출처 미표기,official_source_url 채우기,P2
guides:hr-welfare-complete-6,/guides/hr-welfare-complete-6,보수 체계 완전정복 — 왕초보 완전정복 6편,guides,,99_미분류,UNSPECIFIED,UNSPECIFIED,SECONDARY_SOURCE,UPDATE,LOW,2026-05,0,12,4544,R-GD2 검토일 2026-05 표기 있으나 1차 출처 미표기,official_source_url 채우기,P2
guides:hr-welfare-complete-7,/guides/hr-welfare-complete-7,각종 수당 완전정복 — 왕초보 완전정복 7편,guides,,99_미분류,UNSPECIFIED,UNSPECIFIED,SECONDARY_SOURCE,UPDATE,LOW,2026-05,0,15,4691,R-GD2 검토일 2026-05 표기 있으나 1차 출처 미표기,official_source_url 채우기,P2
guides:hr-welfare-complete-9,/guides/hr-welfare-complete-9,인사·복무 감사 지적 사례 TOP 10 — 왕초보 완전정복 9편,guides,,99_미분류,UNSPECIFIED,UNSPECIFIED,SECONDARY_SOURCE,UPDATE,LOW,2026-05,0,13,4764,R-GD2 검토일 2026-05 표기 있으나 1차 출처 미표기,official_source_url 채우기,P2
guides:inspection-report,/guides/inspection-report,검수조서 작성 가이드,guides,,05_계약조달,UNSPECIFIED,LOCAL,SECONDARY_SOURCE,UPDATE,LOW,2026-06,0,2,2013,R-GD2 검토일 2026-06 표기 있으나 1차 출처 미표기,official_source_url 채우기,P2
guides:private-contract-amount-guide,/guides/private-contract-amount-guide,수의계약 금액기준 가이드,guides,,05_계약조달,UNSPECIFIED,LOCAL,SECONDARY_SOURCE,UPDATE,LOW,2026-06,0,6,2567,R-GD2 검토일 2026-06 표기 있으나 1차 출처 미표기,official_source_url 채우기,P2
guides:private-contract-guide,/guides/private-contract-guide,수의계약 체결 실무 가이드,guides,,05_계약조달,UNSPECIFIED,LOCAL,SECONDARY_SOURCE,UPDATE,LOW,2026-06,0,3,2342,R-GD2 검토일 2026-06 표기 있으나 1차 출처 미표기,official_source_url 채우기,P2
guides:purchase-and-inspection,/guides/purchase-and-inspection,물품 구매 및 검수 절차 가이드,guides,,05_계약조달,EDUCATION_OFFICE|PUBLIC_SCHOOL,LOCAL,SECONDARY_SOURCE,UPDATE,LOW,2026-06,0,3,2355,R-GD2 검토일 2026-06 표기 있으나 1차 출처 미표기,official_source_url 채우기,P2
guides:single-quote-guide,/guides/single-quote-guide,1인견적 수의계약 가이드,guides,,05_계약조달,UNSPECIFIED,LOCAL,SECONDARY_SOURCE,UPDATE,LOW,2026-06,0,3,2510,R-GD2 검토일 2026-06 표기 있으나 1차 출처 미표기,official_source_url 채우기,P2
guides:travel-expense-complete-9,/guides/travel-expense-complete-9,출장여비 감사 지적 사례 TOP10 — 왕초보 완전정복 9편,guides,,02_복무,UNSPECIFIED,UNSPECIFIED,SECONDARY_SOURCE,UPDATE,LOW,2026-05,0,12,4442,R-GD2 검토일 2026-05 표기 있으나 1차 출처 미표기,official_source_url 채우기,P2
templates:1,/templates/1,물품구매 표준계약서,templates,,99_미분류,UNSPECIFIED,UNSPECIFIED,UNVERIFIED,UPDATE,LOW,,0,17,773,R-TP1 본문 얇음(<800자)·메타 description 부재 ; R-S2 meta description 부재/과단 ; R-S3 thin content,서식별 근거·작성요령·관련 토픽 링크 보강,P2
templates:10,/templates/10,하도급대금 직접지급확인서,templates,,99_미분류,UNSPECIFIED,UNSPECIFIED,UNVERIFIED,UPDATE,LOW,,0,1,776,R-TP1 본문 얇음(<800자)·메타 description 부재 ; R-S2 meta description 부재/과단 ; R-S3 thin content,서식별 근거·작성요령·관련 토픽 링크 보강,P2
templates:11,/templates/11,착공계,templates,,99_미분류,UNSPECIFIED,UNSPECIFIED,UNVERIFIED,UPDATE,LOW,,0,9,481,R-TP1 본문 얇음(<800자)·메타 description 부재 ; R-S2 meta description 부재/과단 ; R-S3 thin content,서식별 근거·작성요령·관련 토픽 링크 보강,P2
templates:12,/templates/12,준공검사조서,templates,,99_미분류,UNSPECIFIED,UNSPECIFIED,UNVERIFIED,UPDATE,LOW,,0,4,527,R-TP1 본문 얇음(<800자)·메타 description 부재 ; R-S2 meta description 부재/과단 ; R-S3 thin content,서식별 근거·작성요령·관련 토픽 링크 보강,P2
templates:13,/templates/13,안전점검 체크리스트,templates,,99_미분류,UNSPECIFIED,UNSPECIFIED,UNVERIFIED,UPDATE,LOW,,0,3,527,R-TP1 본문 얇음(<800자)·메타 description 부재 ; R-S2 meta description 부재/과단 ; R-S3 thin content,서식별 근거·작성요령·관련 토픽 링크 보강,P2
templates:14,/templates/14,하자보증서,templates,,99_미분류,UNSPECIFIED,UNSPECIFIED,UNVERIFIED,UPDATE,LOW,,0,1,757,R-TP1 본문 얇음(<800자)·메타 description 부재 ; R-S2 meta description 부재/과단 ; R-S3 thin content,서식별 근거·작성요령·관련 토픽 링크 보강,P2
templates:15,/templates/15,기성검사조서,templates,,99_미분류,UNSPECIFIED,UNSPECIFIED,UNVERIFIED,UPDATE,LOW,,0,4,526,R-TP1 본문 얇음(<800자)·메타 description 부재 ; R-S2 meta description 부재/과단 ; R-S3 thin content,서식별 근거·작성요령·관련 토픽 링크 보강,P2
templates:16,/templates/16,설계변경 요청서,templates,,99_미분류,UNSPECIFIED,UNSPECIFIED,UNVERIFIED,UPDATE,LOW,,0,9,462,R-TP1 본문 얇음(<800자)·메타 description 부재 ; R-S2 meta description 부재/과단 ; R-S3 thin content,서식별 근거·작성요령·관련 토픽 링크 보강,P2
templates:17,/templates/17,물품 구매 기안문,templates,,99_미분류,UNSPECIFIED,UNSPECIFIED,UNVERIFIED,UPDATE,LOW,,0,5,493,R-TP1 본문 얇음(<800자)·메타 description 부재 ; R-S2 meta description 부재/과단 ; R-S3 thin content,서식별 근거·작성요령·관련 토픽 링크 보강,P2
templates:18,/templates/18,수의계약 사유서,templates,,99_미분류,UNSPECIFIED,UNSPECIFIED,UNVERIFIED,UPDATE,LOW,,0,1,766,R-TP1 본문 얇음(<800자)·메타 description 부재 ; R-S2 meta description 부재/과단 ; R-S3 thin content,서식별 근거·작성요령·관련 토픽 링크 보강,P2
templates:19,/templates/19,견적서,templates,,99_미분류,UNSPECIFIED,UNSPECIFIED,UNVERIFIED,UPDATE,LOW,,0,1,754,R-TP1 본문 얇음(<800자)·메타 description 부재 ; R-S2 meta description 부재/과단 ; R-S3 thin content,서식별 근거·작성요령·관련 토픽 링크 보강,P2
templates:2,/templates/2,수의계약 통합서약서,templates,,99_미분류,UNSPECIFIED,UNSPECIFIED,UNVERIFIED,UPDATE,LOW,,0,13,773,R-TP1 본문 얇음(<800자)·메타 description 부재 ; R-S2 meta description 부재/과단 ; R-S3 thin content,서식별 근거·작성요령·관련 토픽 링크 보강,P2
templates:20,/templates/20,예정가격조서,templates,,99_미분류,UNSPECIFIED,UNSPECIFIED,UNVERIFIED,UPDATE,LOW,,0,1,763,R-TP1 본문 얇음(<800자)·메타 description 부재 ; R-S2 meta description 부재/과단 ; R-S3 thin content,서식별 근거·작성요령·관련 토픽 링크 보강,P2
templates:21,/templates/21,출장 복명서,templates,,99_미분류,UNSPECIFIED,UNSPECIFIED,UNVERIFIED,UPDATE,LOW,,0,1,447,R-TP1 본문 얇음(<800자)·메타 description 부재 ; R-S2 meta description 부재/과단 ; R-S3 thin content,서식별 근거·작성요령·관련 토픽 링크 보강,P2
templates:22,/templates/22,업무 인수인계서,templates,,99_미분류,UNSPECIFIED,UNSPECIFIED,UNVERIFIED,UPDATE,LOW,,0,3,523,R-TP1 본문 얇음(<800자)·메타 description 부재 ; R-S2 meta description 부재/과단 ; R-S3 thin content,서식별 근거·작성요령·관련 토픽 링크 보강,P2
templates:23,/templates/23,회의록,templates,,99_미분류,UNSPECIFIED,UNSPECIFIED,UNVERIFIED,UPDATE,LOW,,0,3,514,R-TP1 본문 얇음(<800자)·메타 description 부재 ; R-S2 meta description 부재/과단 ; R-S3 thin content,서식별 근거·작성요령·관련 토픽 링크 보강,P2
templates:24,/templates/24,예산요구서,templates,,99_미분류,UNSPECIFIED,UNSPECIFIED,UNVERIFIED,UPDATE,LOW,,0,1,484,R-TP1 본문 얇음(<800자)·메타 description 부재 ; R-S2 meta description 부재/과단 ; R-S3 thin content,서식별 근거·작성요령·관련 토픽 링크 보강,P2
templates:25,/templates/25,예산집행계획서,templates,,99_미분류,UNSPECIFIED,UNSPECIFIED,UNVERIFIED,UPDATE,LOW,,0,1,480,R-TP1 본문 얇음(<800자)·메타 description 부재 ; R-S2 meta description 부재/과단 ; R-S3 thin content,서식별 근거·작성요령·관련 토픽 링크 보강,P2
templates:26,/templates/26,예산이월요청서,templates,,99_미분류,UNSPECIFIED,UNSPECIFIED,UNVERIFIED,UPDATE,LOW,,0,1,453,R-TP1 본문 얇음(<800자)·메타 description 부재 ; R-S2 meta description 부재/과단 ; R-S3 thin content,서식별 근거·작성요령·관련 토픽 링크 보강,P2
templates:3,/templates/3,물품 검사검수조서,templates,,99_미분류,UNSPECIFIED,UNSPECIFIED,UNVERIFIED,UPDATE,LOW,,0,4,529,R-TP1 본문 얇음(<800자)·메타 description 부재 ; R-S2 meta description 부재/과단 ; R-S3 thin content,서식별 근거·작성요령·관련 토픽 링크 보강,P2
templates:4,/templates/4,물품 납품확인서,templates,,99_미분류,UNSPECIFIED,UNSPECIFIED,UNVERIFIED,UPDATE,LOW,,0,4,529,R-TP1 본문 얇음(<800자)·메타 description 부재 ; R-S2 meta description 부재/과단 ; R-S3 thin content,서식별 근거·작성요령·관련 토픽 링크 보강,P2
templates:5,/templates/5,대금청구서,templates,,99_미분류,UNSPECIFIED,UNSPECIFIED,UNVERIFIED,UPDATE,LOW,,0,10,767,R-TP1 본문 얇음(<800자)·메타 description 부재 ; R-S2 meta description 부재/과단 ; R-S3 thin content,서식별 근거·작성요령·관련 토픽 링크 보강,P2
templates:6,/templates/6,용역 표준계약서,templates,,99_미분류,UNSPECIFIED,UNSPECIFIED,UNVERIFIED,UPDATE,LOW,,0,10,771,R-TP1 본문 얇음(<800자)·메타 description 부재 ; R-S2 meta description 부재/과단 ; R-S3 thin content,서식별 근거·작성요령·관련 토픽 링크 보강,P2
templates:7,/templates/7,착수계,templates,,99_미분류,UNSPECIFIED,UNSPECIFIED,UNVERIFIED,UPDATE,LOW,,0,9,452,R-TP1 본문 얇음(<800자)·메타 description 부재 ; R-S2 meta description 부재/과단 ; R-S3 thin content,서식별 근거·작성요령·관련 토픽 링크 보강,P2
templates:8,/templates/8,준공계,templates,,99_미분류,UNSPECIFIED,UNSPECIFIED,UNVERIFIED,UPDATE,LOW,,0,9,452,R-TP1 본문 얇음(<800자)·메타 description 부재 ; R-S2 meta description 부재/과단 ; R-S3 thin content,서식별 근거·작성요령·관련 토픽 링크 보강,P2
templates:9,/templates/9,노무비 지급확인서,templates,,99_미분류,UNSPECIFIED,UNSPECIFIED,UNVERIFIED,UPDATE,LOW,,0,5,771,R-TP1 본문 얇음(<800자)·메타 description 부재 ; R-S2 meta description 부재/과단 ; R-S3 thin content,서식별 근거·작성요령·관련 토픽 링크 보강,P2
topics:budget-compilation-guideline,/topics/budget-compilation-guideline,예산편성 지침 — 지방계약법 근거·절차·실무사례 완전정리,topics,예산/결산,04_예산회계,UNSPECIFIED,LOCAL,OFFICIAL_VERIFIED,UPDATE,LOW,2026-05-19,0,3,11867,R-T0 법제처 딥링크 + 검증배지 + 조문 근거 보유 ; R-B1 검토일 2026-05-19 — 3개월 이상 경과,재검증 주기 정책 적용,P2
topics:budget-execution,/topics/budget-execution,예산 집행 절차 — 지방계약법 근거·절차·실무사례 완전정리,topics,예산/결산,04_예산회계,EDUCATION_OFFICE|PUBLIC_SCHOOL,LOCAL,OFFICIAL_VERIFIED,UPDATE,LOW,2026-05-19,0,23,10508,R-T0 법제처 딥링크 + 검증배지 + 조문 근거 보유 ; R-B1 검토일 2026-05-19 — 3개월 이상 경과 ; R-S2 meta description 부재/과단,재검증 주기 정책 적용,P2
topics:budget-item-standard,/topics/budget-item-standard,세출예산 목별 집행기준 — 지방계약법 근거·절차·실무사례 완전정리,topics,예산/결산,04_예산회계,UNSPECIFIED,LOCAL,OFFICIAL_VERIFIED,UPDATE,LOW,2026-05-19,0,18,11250,R-T0 법제처 딥링크 + 검증배지 + 조문 근거 보유 ; R-B1 검토일 2026-05-19 — 3개월 이상 경과,재검증 주기 정책 적용,P2
topics:budget-lapse,/topics/budget-lapse,불용액 처리 및 이월 — 지방계약법 근거·절차·실무사례 완전정리,topics,예산/결산,04_예산회계,EDUCATION_OFFICE|PUBLIC_SCHOOL,LOCAL,OFFICIAL_VERIFIED,UPDATE,LOW,2026-05-19,0,16,11440,R-T0 법제처 딥링크 + 검증배지 + 조문 근거 보유 ; R-B1 검토일 2026-05-19 — 3개월 이상 경과,재검증 주기 정책 적용,P2
topics:contingency-fund,/topics/contingency-fund,예비비 사용 절차 — 지방계약법 근거·절차·실무사례 완전정리,topics,예산/결산,04_예산회계,EDUCATION_OFFICE|PUBLIC_SCHOOL,LOCAL,OFFICIAL_VERIFIED,UPDATE,LOW,2026-04-29,0,5,10276,R-T0 법제처 딥링크 + 검증배지 + 조문 근거 보유 ; R-B1 검토일 2026-04-29 — 3개월 이상 경과,재검증 주기 정책 적용,P2
topics:direct-production-confirm,/topics/direct-production-confirm,직접생산확인 — 지방계약법 근거·절차·실무사례 완전정리,topics,계약,05_계약조달,UNSPECIFIED,BOTH,OFFICIAL_VERIFIED,UPDATE,LOW,2026-04-29,0,6,11852,R-T0 법제처 딥링크 + 검증배지 + 조문 근거 보유 ; R-B1 검토일 2026-04-29 — 3개월 이상 경과,재검증 주기 정책 적용,P2
topics:domestic-travel-allowance,/topics/domestic-travel-allowance,국내출장 여비 — 공무원 법령 근거·절차·실무사례 완전정리,topics,여비/출장,02_복무,UNSPECIFIED,LOCAL,OFFICIAL_VERIFIED,UPDATE,LOW,2026-04-29,0,9,10499,R-T0 법제처 딥링크 + 검증배지 + 조문 근거 보유 ; R-B1 검토일 2026-04-29 — 3개월 이상 경과 ; R-S2 meta description 부재/과단,재검증 주기 정책 적용,P2
topics:edu-allowance-temp-teacher-tenure,/topics/edu-allowance-temp-teacher-tenure,기간제 교사 정근수당 — 호봉경력 산정과 직전 6개월 관내 경력 — 공무원 법령 근거·절차·실무사례 완전정리,topics,급여/수당,03_보수수당,UNSPECIFIED,BOTH,OFFICIAL_VERIFIED,UPDATE,LOW,2026-04-29,0,13,10577,R-T0 법제처 딥링크 + 검증배지 + 조문 근거 보유 ; R-B1 검토일 2026-04-29 — 3개월 이상 경과,재검증 주기 정책 적용,P2
topics:edu-childcare-allowance-cap,/topics/edu-childcare-allowance-cap,육아휴직수당 상한 — 6+6 부모육아휴직제·한부모·일반 분기 — 공무원 법령 근거·절차·실무사례 완전정리,topics,급여/수당,03_보수수당,EDUCATION_OFFICE|PUBLIC_SCHOOL,BOTH,OFFICIAL_VERIFIED,UPDATE,LOW,2026-04-29,0,13,9361,R-T0 법제처 딥링크 + 검증배지 + 조문 근거 보유 ; R-B1 검토일 2026-04-29 — 3개월 이상 경과,재검증 주기 정책 적용,P2
topics:edu-childcare-pay-2025-revision,/topics/edu-childcare-pay-2025-revision,2025.1.3 개정 — 육아휴직수당 사후지급분 폐지와 경과 사례 — 공무원 법령 근거·절차·실무사례 완전정리,topics,급여/수당,03_보수수당,UNSPECIFIED,BOTH,OFFICIAL_VERIFIED,UPDATE,LOW,2026-04-29,0,8,12696,R-T0 법제처 딥링크 + 검증배지 + 조문 근거 보유 ; R-B1 검토일 2026-04-29 — 3개월 이상 경과,재검증 주기 정책 적용,P2
topics:edu-overtime-retirement-month,/topics/edu-overtime-retirement-month,시간외수당 퇴직월 특례 — 정년·명예퇴직 1일+ 근무 시 정액분 10시간 전액 — 공무원 법령,topics,급여/수당,03_보수수당,UNSPECIFIED,BOTH,OFFICIAL_VERIFIED,UPDATE,LOW,2026-04-29,0,13,10133,R-T0 법제처 딥링크 + 검증배지 + 조문 근거 보유 ; R-B1 검토일 2026-04-29 — 3개월 이상 경과,재검증 주기 정책 적용,P2
topics:estimated-payment,/topics/estimated-payment,개산급 — 지방계약법 근거·절차·실무사례 완전정리,topics,예산/결산,04_예산회계,EDUCATION_OFFICE|PUBLIC_SCHOOL,LOCAL,OFFICIAL_VERIFIED,UPDATE,LOW,2026-05-20,0,3,10559,R-T0 법제처 딥링크 + 검증배지 + 조문 근거 보유 ; R-B1 검토일 2026-05-20 — 3개월 이상 경과,재검증 주기 정책 적용,P2
topics:expenditure-commitment,/topics/expenditure-commitment,지출원인행위 — 지방계약법 근거·절차·실무사례 완전정리,topics,지출,04_예산회계,EDUCATION_OFFICE|PUBLIC_SCHOOL,LOCAL,OFFICIAL_VERIFIED,UPDATE,LOW,2026-05-19,0,6,10812,R-T0 법제처 딥링크 + 검증배지 + 조문 근거 보유 ; R-B1 검토일 2026-05-19 — 3개월 이상 경과,재검증 주기 정책 적용,P2
topics:extra-budgetary-fund,/topics/extra-budgetary-fund,세입세출외현금 — 지방계약법 근거·절차·실무사례 완전정리,topics,예산/결산,04_예산회계,EDUCATION_OFFICE|PUBLIC_SCHOOL,LOCAL,OFFICIAL_VERIFIED,UPDATE,LOW,2026-05-21,0,2,13034,R-T0 법제처 딥링크 + 검증배지 + 조문 근거 보유 ; R-B1 검토일 2026-05-21 — 3개월 이상 경과,재검증 주기 정책 적용,P2
topics:holiday-bonus,/topics/holiday-bonus,명절 휴가비 — 공무원 법령 근거·절차·실무사례 완전정리,topics,급여/수당,03_보수수당,UNSPECIFIED,LOCAL,OFFICIAL_VERIFIED,UPDATE,LOW,2026-04-29,0,3,8021,R-T0 법제처 딥링크 + 검증배지 + 조문 근거 보유 ; R-B1 검토일 2026-04-29 — 3개월 이상 경과 ; R-S2 meta description 부재/과단,재검증 주기 정책 적용,P2
topics:information-disclosure,/topics/information-disclosure,정보공개 — 지방계약법 근거·절차·실무사례 완전정리,topics,기타,09_정보공개,UNSPECIFIED,LOCAL,OFFICIAL_VERIFIED,UPDATE,LOW,2026-04-29,0,2,9530,R-T0 법제처 딥링크 + 검증배지 + 조문 근거 보유 ; R-B1 검토일 2026-04-29 — 3개월 이상 경과,재검증 주기 정책 적용,P2
topics:joint-contract,/topics/joint-contract,공동도급 — 지방계약법 근거·절차·실무사례 완전정리,topics,계약,05_계약조달,EDUCATION_OFFICE|PUBLIC_SCHOOL,BOTH,OFFICIAL_VERIFIED,UPDATE,LOW,2026-04-29,0,2,14064,R-T0 법제처 딥링크 + 검증배지 + 조문 근거 보유 ; R-B1 검토일 2026-04-29 — 3개월 이상 경과,재검증 주기 정책 적용,P2
topics:national-subsidy,/topics/national-subsidy,국고보조금 관리 — 보조금 관리법 근거·절차·실무사례 완전정리,topics,보조금,07_보조금위탁,UNSPECIFIED,LOCAL,OFFICIAL_VERIFIED,UPDATE,LOW,2026-04-29,0,6,11780,R-T0 법제처 딥링크 + 검증배지 + 조문 근거 보유 ; R-B1 검토일 2026-04-29 — 3개월 이상 경과,재검증 주기 정책 적용,P2
topics:performance-bonus,/topics/performance-bonus,성과상여금 — 공무원 법령 근거·절차·실무사례 완전정리,topics,급여/수당,03_보수수당,EDUCATION_OFFICE|PUBLIC_SCHOOL,BOTH,OFFICIAL_VERIFIED,UPDATE,LOW,2026-05-21,0,9,9303,R-T0 법제처 딥링크 + 검증배지 + 조문 근거 보유 ; R-B1 검토일 2026-05-21 — 3개월 이상 경과,재검증 주기 정책 적용,P2
topics:price-negotiation,/topics/price-negotiation,수의시담 — 지방계약법 근거·절차·실무사례 완전정리,topics,계약,05_계약조달,EDUCATION_OFFICE|PUBLIC_SCHOOL,BOTH,OFFICIAL_VERIFIED,UPDATE,LOW,2026-04-29,0,10,11422,R-T0 법제처 딥링크 + 검증배지 + 조문 근거 보유 ; R-B1 검토일 2026-04-29 — 3개월 이상 경과,재검증 주기 정책 적용,P2
topics:public-debt-management,/topics/public-debt-management,지방채 발행 및 관리 — 지방계약법 근거·절차·실무사례 완전정리,topics,예산/결산,04_예산회계,EDUCATION_OFFICE|PUBLIC_SCHOOL,LOCAL,OFFICIAL_VERIFIED,UPDATE,LOW,2026-04-29,0,24,9468,R-T0 법제처 딥링크 + 검증배지 + 조문 근거 보유 ; R-B1 검토일 2026-04-29 — 3개월 이상 경과,재검증 주기 정책 적용,P2
topics:public-procurement-overview,/topics/public-procurement-overview,공공조달 개론 — 지방계약법 근거·절차·실무사례 완전정리,topics,계약,05_계약조달,UNSPECIFIED,BOTH,OFFICIAL_VERIFIED,UPDATE,LOW,2026-04-29,0,6,15159,R-T0 법제처 딥링크 + 검증배지 + 조문 근거 보유 ; R-B1 검토일 2026-04-29 — 3개월 이상 경과,재검증 주기 정책 적용,P2
topics:public-property-management,/topics/public-property-management,공유재산 관리 — 공유재산법 근거·절차·실무사례 완전정리,topics,공유재산,06_재산물품,UNSPECIFIED,LOCAL,OFFICIAL_VERIFIED,UPDATE,LOW,2026-04-29,0,3,10464,R-T0 법제처 딥링크 + 검증배지 + 조문 근거 보유 ; R-B1 검토일 2026-04-29 — 3개월 이상 경과,재검증 주기 정책 적용,P2
series:bid-complete,/series/bid-complete,입찰 완전정복 — 10편 완전정복 시리즈,series,,05_계약조달,UNSPECIFIED,UNSPECIFIED,SECONDARY_SOURCE,KEEP,LOW,,0,18,1384,R-SR1 시리즈 랜딩,현행 유지,P3
series:budget-execution-complete,/series/budget-execution-complete,예산집행 완전정복 — 10편 완전정복 시리즈,series,,04_예산회계,UNSPECIFIED,UNSPECIFIED,SECONDARY_SOURCE,KEEP,LOW,,0,18,1308,R-SR1 시리즈 랜딩,현행 유지,P3
series:budget-planning-complete,/series/budget-planning-complete,예산편성 완전정복 — 10편 완전정복 시리즈,series,,04_예산회계,UNSPECIFIED,UNSPECIFIED,SECONDARY_SOURCE,KEEP,LOW,,0,18,1291,R-SR1 시리즈 랜딩,현행 유지,P3
series:construction-complete,/series/construction-complete,공사계약 완전정복 — 10편 완전정복 시리즈,series,,13_시설안전,UNSPECIFIED,UNSPECIFIED,SECONDARY_SOURCE,KEEP,LOW,,0,18,1327,R-SR1 시리즈 랜딩,현행 유지,P3
series:contract-complete,/series/contract-complete,수의계약 완전정복 — 10편 완전정복 시리즈,series,,05_계약조달,UNSPECIFIED,LOCAL,SECONDARY_SOURCE,KEEP,LOW,,0,18,1224,R-SR1 시리즈 랜딩,현행 유지,P3
series:hr-complete,/series/hr-complete,인사복무 완전정복 — 10편 완전정복 시리즈,series,,99_미분류,UNSPECIFIED,UNSPECIFIED,SECONDARY_SOURCE,KEEP,LOW,,0,18,1320,R-SR1 시리즈 랜딩,현행 유지,P3
series:subsidy-complete,/series/subsidy-complete,지방보조금 완전정복 — 10편 완전정복 시리즈,series,,07_보조금위탁,UNSPECIFIED,UNSPECIFIED,SECONDARY_SOURCE,KEEP,LOW,,0,18,1511,R-SR1 시리즈 랜딩,현행 유지,P3
series:travel-complete,/series/travel-complete,출장여비 완전정복 — 10편 완전정복 시리즈,series,,02_복무,UNSPECIFIED,UNSPECIFIED,SECONDARY_SOURCE,KEEP,LOW,,0,18,1219,R-SR1 시리즈 랜딩,현행 유지,P3
topics:bid-qualification,/topics/bid-qualification,적격심사 — 지방계약법 근거·절차·실무사례 완전정리,topics,계약,05_계약조달,EDUCATION_OFFICE|PUBLIC_SCHOOL,BOTH,OFFICIAL_VERIFIED,KEEP,LOW,2026-06-05,0,4,13987,R-T0 법제처 딥링크 + 검증배지 + 조문 근거 보유,현행 유지,P3
topics:bidding,/topics/bidding,입찰 — 지방계약법 근거·절차·실무사례 완전정리,topics,계약,05_계약조달,EDUCATION_OFFICE|PUBLIC_SCHOOL,BOTH,OFFICIAL_VERIFIED,KEEP,LOW,2026-06-15,0,563,10652,R-T0 법제처 딥링크 + 검증배지 + 조문 근거 보유,현행 유지,P3
topics:budget-carryover,/topics/budget-carryover,예산이월 — 지방계약법 근거·절차·실무사례 완전정리,topics,예산/결산,04_예산회계,EDUCATION_OFFICE|PUBLIC_SCHOOL,LOCAL,OFFICIAL_VERIFIED,KEEP,LOW,2026-06-04,0,16,12010,R-T0 법제처 딥링크 + 검증배지 + 조문 근거 보유,현행 유지,P3
topics:budget-compilation,/topics/budget-compilation,예산 편성 절차 — 지방계약법 근거·절차·실무사례 완전정리,topics,예산/결산,04_예산회계,UNSPECIFIED,LOCAL,OFFICIAL_VERIFIED,KEEP,LOW,2026-06-04,0,19,15878,R-T0 법제처 딥링크 + 검증배지 + 조문 근거 보유,현행 유지,P3
topics:budget-settlement,/topics/budget-settlement,결산 절차 — 지방계약법 근거·절차·실무사례 완전정리,topics,예산/결산,04_예산회계,EDUCATION_OFFICE|PUBLIC_SCHOOL,LOCAL,OFFICIAL_VERIFIED,KEEP,LOW,2026-06-04,0,3,9470,R-T0 법제처 딥링크 + 검증배지 + 조문 근거 보유,현행 유지,P3
topics:budget-transfer,/topics/budget-transfer,예산 전용·이용·이체 — 지방계약법 근거·절차·실무사례 완전정리,topics,예산/결산,04_예산회계,EDUCATION_OFFICE|PUBLIC_SCHOOL,LOCAL,OFFICIAL_VERIFIED,KEEP,LOW,2026-06-04,0,8,9398,R-T0 법제처 딥링크 + 검증배지 + 조문 근거 보유,현행 유지,P3
topics:construction-completion,/topics/construction-completion,공사 준공검사 — 지방계약법 근거·절차·실무사례 완전정리,topics,계약,05_계약조달,EDUCATION_OFFICE|PUBLIC_SCHOOL,BOTH,OFFICIAL_VERIFIED,KEEP,LOW,2026-06-04,0,4,11782,R-T0 법제처 딥링크 + 검증배지 + 조문 근거 보유,현행 유지,P3
topics:contract-guarantee-exemption,/topics/contract-guarantee-exemption,계약보증금 면제 기준 — 지방계약법 근거·절차·실무사례 완전정리,topics,계약,05_계약조달,EDUCATION_OFFICE|PUBLIC_SCHOOL,BOTH,OFFICIAL_VERIFIED,KEEP,LOW,2026-06-04,0,5,14175,R-T0 법제처 딥링크 + 검증배지 + 조문 근거 보유,현행 유지,P3
topics:contract-termination,/topics/contract-termination,계약해제·해지 — 지방계약법 근거·절차·실무사례 완전정리,topics,계약,05_계약조달,EDUCATION_OFFICE|PUBLIC_SCHOOL,BOTH,OFFICIAL_VERIFIED,KEEP,LOW,2026-06-04,0,4,16007,R-T0 법제처 딥링크 + 검증배지 + 조문 근거 보유,현행 유지,P3
topics:e-bidding,/topics/e-bidding,전자입찰 — 지방계약법 근거·절차·실무사례 완전정리,topics,계약,05_계약조달,EDUCATION_OFFICE|PUBLIC_SCHOOL,BOTH,OFFICIAL_VERIFIED,KEEP,LOW,2026-06-04,0,8,16133,R-T0 법제처 딥링크 + 검증배지 + 조문 근거 보유,현행 유지,P3
topics:e-procurement-guide,/topics/e-procurement-guide,나라장터·학교장터 전자계약 — 지방계약법 근거·절차·실무사례 완전정리,topics,계약,05_계약조달,EDUCATION_OFFICE|PUBLIC_SCHOOL,BOTH,OFFICIAL_VERIFIED,KEEP,LOW,2026-06-04,0,47,15732,R-T0 법제처 딥링크 + 검증배지 + 조문 근거 보유,현행 유지,P3
topics:estimated-price,/topics/estimated-price,예정가격 — 지방계약법 근거·절차·실무사례 완전정리,topics,계약,05_계약조달,EDUCATION_OFFICE|PUBLIC_SCHOOL,BOTH,OFFICIAL_VERIFIED,KEEP,LOW,2026-06-04,0,11,13762,R-T0 법제처 딥링크 + 검증배지 + 조문 근거 보유,현행 유지,P3
topics:foreign-travel,/topics/foreign-travel,공무국외여행 — 공무원 법령 근거·절차·실무사례 완전정리,topics,여비/출장,02_복무,UNSPECIFIED,LOCAL,OFFICIAL_VERIFIED,KEEP,LOW,2026-06-03,0,7,10744,R-T0 법제처 딥링크 + 검증배지 + 조문 근거 보유,현행 유지,P3
topics:inspection,/topics/inspection,검수·검사 — 지방계약법 근거·절차·실무사례 완전정리,topics,계약,05_계약조달,EDUCATION_OFFICE|PUBLIC_SCHOOL,LOCAL,OFFICIAL_VERIFIED,KEEP,LOW,2026-06-04,0,563,12781,R-T0 법제처 딥링크 + 검증배지 + 조문 근거 보유,현행 유지,P3
topics:instructor-allowance,/topics/instructor-allowance,강사수당 — 지방계약법 근거·절차·실무사례 완전정리,topics,예산/결산,04_예산회계,EDUCATION_OFFICE|PUBLIC_SCHOOL,LOCAL,OFFICIAL_VERIFIED,KEEP,LOW,2026-06-01,0,3,9857,R-T0 법제처 딥링크 + 검증배지 + 조문 근거 보유,현행 유지,P3
topics:local-festival-event,/topics/local-festival-event,지역축제·행사성 경비 운영·정산 — 지방계약법 근거·절차·실무사례 완전정리,topics,예산/결산,04_예산회계,EDUCATION_OFFICE|PUBLIC_SCHOOL,LOCAL,OFFICIAL_VERIFIED,KEEP,LOW,2026-06-27,0,11,8412,R-T0 법제처 딥링크 + 검증배지 + 조문 근거 보유,현행 유지,P3
topics:local-government-accounting,/topics/local-government-accounting,지방자치단체 복식부기 회계 — 지방계약법 근거·절차·실무사례 완전정리,topics,예산/결산,04_예산회계,EDUCATION_OFFICE|PUBLIC_SCHOOL,LOCAL,OFFICIAL_VERIFIED,KEEP,LOW,2026-06-04,0,15,9514,R-T0 법제처 딥링크 + 검증배지 + 조문 근거 보유,현행 유지,P3
topics:local-subsidy-grant,/topics/local-subsidy-grant,지방보조금 교부·정산 — 보조금 관리법 근거·절차·실무사례 완전정리,topics,보조금,07_보조금위탁,LOCAL_GOVERNMENT,LOCAL,OFFICIAL_VERIFIED,KEEP,LOW,2026-06-27,0,4,6457,R-T0 법제처 딥링크 + 검증배지 + 조문 근거 보유,현행 유지,P3
topics:local-tax-levy,/topics/local-tax-levy,지방세 부과·징수 (취득세·재산세) — 지방계약법 근거·절차·실무사례 완전정리,topics,예산/결산,04_예산회계,EDUCATION_OFFICE|PUBLIC_SCHOOL,LOCAL,OFFICIAL_VERIFIED,KEEP,LOW,2026-06-27,0,6,7712,R-T0 법제처 딥링크 + 검증배지 + 조문 근거 보유,현행 유지,P3
topics:long-term-contract,/topics/long-term-contract,장기계속계약 — 지방계약법 근거·절차·실무사례 완전정리,topics,계약,05_계약조달,EDUCATION_OFFICE|PUBLIC_SCHOOL,BOTH,OFFICIAL_VERIFIED,KEEP,LOW,2026-06-04,0,2,13364,R-T0 법제처 딥링크 + 검증배지 + 조문 근거 보유,현행 유지,P3
topics:lowest-bid-rate,/topics/lowest-bid-rate,낙찰하한율 — 지방계약법 근거·절차·실무사례 완전정리,topics,계약,05_계약조달,EDUCATION_OFFICE|PUBLIC_SCHOOL,BOTH,OFFICIAL_VERIFIED,KEEP,LOW,2026-06-04,0,4,14677,R-T0 법제처 딥링크 + 검증배지 + 조문 근거 보유,현행 유지,P3
topics:multiple-price,/topics/multiple-price,복수예비가격 — 지방계약법 근거·절차·실무사례 완전정리,topics,계약,05_계약조달,EDUCATION_OFFICE|PUBLIC_SCHOOL,BOTH,OFFICIAL_VERIFIED,KEEP,LOW,2026-06-04,0,5,13908,R-T0 법제처 딥링크 + 검증배지 + 조문 근거 보유,현행 유지,P3
topics:national-vs-local-contract-law,/topics/national-vs-local-contract-law,국가계약법과 지방계약법 비교 — 지방계약법 근거·절차·실무사례 완전정리,topics,계약,05_계약조달,UNSPECIFIED,BOTH,OFFICIAL_VERIFIED,KEEP,LOW,2026-06-05,0,4,13303,R-T0 법제처 딥링크 + 검증배지 + 조문 근거 보유 ; R-S2 meta description 부재/과단,현행 유지,P3
topics:non-tax-revenue,/topics/non-tax-revenue,세외수입 부과·징수·체납관리 — 지방계약법 근거·절차·실무사례 완전정리,topics,예산/결산,04_예산회계,EDUCATION_OFFICE|PUBLIC_SCHOOL,LOCAL,OFFICIAL_VERIFIED,KEEP,LOW,2026-06-27,0,9,7384,R-T0 법제처 딥링크 + 검증배지 + 조문 근거 보유,현행 유지,P3
topics:participatory-budget,/topics/participatory-budget,주민참여예산 운영 — 지방계약법 근거·절차·실무사례 완전정리,topics,예산/결산,04_예산회계,EDUCATION_OFFICE|PUBLIC_SCHOOL,LOCAL,OFFICIAL_VERIFIED,KEEP,LOW,2026-06-27,0,7,8375,R-T0 법제처 딥링크 + 검증배지 + 조문 근거 보유,현행 유지,P3
topics:payment,/topics/payment,대금지급 — 지방계약법 근거·절차·실무사례 완전정리,topics,계약,05_계약조달,EDUCATION_OFFICE|PUBLIC_SCHOOL,LOCAL,OFFICIAL_VERIFIED,KEEP,LOW,2026-06-04,0,563,14329,R-T0 법제처 딥링크 + 검증배지 + 조문 근거 보유,현행 유지,P3
topics:private-contract,/topics/private-contract,수의계약 — 지방계약법 근거·절차·실무사례 완전정리,topics,계약,05_계약조달,EDUCATION_OFFICE|PUBLIC_SCHOOL,LOCAL,OFFICIAL_VERIFIED,KEEP,LOW,2026-06-04,0,564,12605,R-T0 법제처 딥링크 + 검증배지 + 조문 근거 보유,현행 유지,P3
topics:qualification-failure,/topics/qualification-failure,적격심사 탈락 사유 — 지방계약법 근거·절차·실무사례 완전정리,topics,계약,05_계약조달,EDUCATION_OFFICE|PUBLIC_SCHOOL,BOTH,OFFICIAL_VERIFIED,KEEP,LOW,2026-06-03,0,4,14262,R-T0 법제처 딥링크 + 검증배지 + 조문 근거 보유,현행 유지,P3
topics:retirement-allowance,/topics/retirement-allowance,공무원 퇴직수당 — 공무원 법령 근거·절차·실무사례 완전정리,topics,급여/수당,03_보수수당,UNSPECIFIED,LOCAL,OFFICIAL_VERIFIED,KEEP,LOW,2026-06-03,0,2,8495,R-T0 법제처 딥링크 + 검증배지 + 조문 근거 보유,현행 유지,P3
topics:school-budget-compilation,/topics/school-budget-compilation,학교회계 예산편성 절차 — 교육재정 법령 근거·절차·실무사례 완전정리,topics,예산/결산,04_예산회계,EDUCATION_OFFICE|PUBLIC_SCHOOL,LOCAL,OFFICIAL_VERIFIED,KEEP,LOW,2026-06-04,0,6,12748,R-T0 법제처 딥링크 + 검증배지 + 조문 근거 보유,현행 유지,P3
topics:spec-price-split-bid,/topics/spec-price-split-bid,규격가격 분리입찰 — 지방계약법 근거·절차·실무사례 완전정리,topics,계약,05_계약조달,EDUCATION_OFFICE|PUBLIC_SCHOOL,BOTH,OFFICIAL_VERIFIED,KEEP,LOW,2026-06-05,0,3,12604,R-T0 법제처 딥링크 + 검증배지 + 조문 근거 보유,현행 유지,P3
topics:subcontract,/topics/subcontract,하도급 — 지방계약법 근거·절차·실무사례 완전정리,topics,계약,05_계약조달,EDUCATION_OFFICE|PUBLIC_SCHOOL,LOCAL,OFFICIAL_VERIFIED,KEEP,LOW,2026-06-04,0,8,13919,R-T0 법제처 딥링크 + 검증배지 + 조문 근거 보유,현행 유지,P3
topics:supplementary-budget,/topics/supplementary-budget,추가경정예산 — 지방계약법 근거·절차·실무사례 완전정리,topics,예산/결산,04_예산회계,EDUCATION_OFFICE|PUBLIC_SCHOOL,LOCAL,OFFICIAL_VERIFIED,KEEP,LOW,2026-06-04,0,4,9419,R-T0 법제처 딥링크 + 검증배지 + 조문 근거 보유,현행 유지,P3
topics:unit-price-contract,/topics/unit-price-contract,단가계약 — 지방계약법 근거·절차·실무사례 완전정리,topics,계약,05_계약조달,UNSPECIFIED,BOTH,OFFICIAL_VERIFIED,KEEP,LOW,2026-06-04,0,4,12814,R-T0 법제처 딥링크 + 검증배지 + 조문 근거 보유,현행 유지,P3
